-- MySQL dump 10.13  Distrib 8.0.29, for Win64 (x86_64)
--
-- Host: localhost    Database: dbchamanow
-- ------------------------------------------------------
-- Server version	8.0.29

/*!40101 SET @OLD_CHARACTER_SET_CLIENT=@@CHARACTER_SET_CLIENT */;
/*!40101 SET @OLD_CHARACTER_SET_RESULTS=@@CHARACTER_SET_RESULTS */;
/*!40101 SET @OLD_COLLATION_CONNECTION=@@COLLATION_CONNECTION */;
/*!50503 SET NAMES utf8mb4 */;
/*!40103 SET @OLD_TIME_ZONE=@@TIME_ZONE */;
/*!40103 SET TIME_ZONE='+00:00' */;
/*!40014 SET @OLD_UNIQUE_CHECKS=@@UNIQUE_CHECKS, UNIQUE_CHECKS=0 */;
/*!40014 SET @OLD_FOREIGN_KEY_CHECKS=@@FOREIGN_KEY_CHECKS, FOREIGN_KEY_CHECKS=0 */;
/*!40101 SET @OLD_SQL_MODE=@@SQL_MODE, SQL_MODE='NO_AUTO_VALUE_ON_ZERO' */;
/*!40111 SET @OLD_SQL_NOTES=@@SQL_NOTES, SQL_NOTES=0 */;

--
-- Table structure for table `agendamentos`
--

DROP TABLE IF EXISTS `agendamentos`;
/*!40101 SET @saved_cs_client     = @@character_set_client */;
/*!50503 SET character_set_client = utf8mb4 */;
CREATE TABLE `agendamentos` (
  `cod_servico` varchar(255) NOT NULL,
  `cod_contratante` varchar(255) NOT NULL,
  `cod_prestador` varchar(255) NOT NULL,
  `endereco` text NOT NULL,
  `cod_tipo` varchar(255) NOT NULL,
  `descricao` text NOT NULL,
  `valor_orcamento` float DEFAULT NULL,
  `data_servico` datetime DEFAULT NULL,
  `horario` time DEFAULT NULL,
  `data_pagamento` datetime DEFAULT NULL,
  `cod_status` int DEFAULT NULL,
  `status` varchar(255) DEFAULT NULL,
  `comprovante_pagamento` longtext,
  `created_at` datetime NOT NULL,
  `updated_at` datetime NOT NULL,
  `orcamento` longtext,
  `data_inicio` datetime DEFAULT NULL,
  `data_fim` datetime DEFAULT NULL,
  `horario_inicio` time DEFAULT NULL,
  `horario_fim` time DEFAULT NULL,
  PRIMARY KEY (`cod_servico`)
) ENGINE=InnoDB DEFAULT CHARSET=utf8mb4 COLLATE=utf8mb4_0900_ai_ci;
/*!40101 SET character_set_client = @saved_cs_client */;

--
-- Dumping data for table `agendamentos`
--

LOCK TABLES `agendamentos` WRITE;
/*!40000 ALTER TABLE `agendamentos` DISABLE KEYS */;
INSERT INTO `agendamentos` VALUES ('10kffgsb','1-htvbk2aj','1-j36dvenx','Rua Antonieta N. 444, Bairro Antonieta, Antonieta - 12345678','100','Tenho problemas e quero resolver',NULL,NULL,NULL,NULL,0,'Pendente',NULL,'2022-06-23 22:15:04','2022-06-23 22:15:04',NULL,NULL,NULL,NULL,NULL),('20514h0q','1-htvbk2aj','2-8mtnnpka','','500','estou maluco socorro nikolas',NULL,NULL,NULL,NULL,0,'Pendente',NULL,'2022-06-13 22:12:20','2022-06-13 22:12:20',NULL,NULL,NULL,NULL,NULL),('27ukwivu','1-htvbk2aj','2-8mtnnpka','[object Promise]','500','Cometi um crime e quero fugir da policia. ',NULL,NULL,NULL,NULL,0,'Pendente',NULL,'2022-06-13 22:00:44','2022-06-13 22:00:44',NULL,NULL,NULL,NULL,NULL),('410','1-6gm39ohu','2-a9s807xo','Av. Brasil N. 1162, Savassi, Belo Horizonte - 516541','500','Descrição do Serviço está aqui',4451,'2022-06-10 00:00:00','11:53:00','2022-06-01 00:00:00',10092,'Cancelado',NULL,'2022-06-22 00:00:00','2022-06-21 00:00:00',NULL,NULL,NULL,NULL,NULL),('411','1-6gm39ohu','2-a9s807xo','Av. Brasil N. 1162, Savassi, Belo Horizonte - 516541','872','Descrição do Serviço está aqui',18916,'2022-06-10 00:00:00','11:53:00','2022-06-01 00:00:00',19567,'Concluído',NULL,'2022-06-22 00:00:00','2022-06-21 00:00:00',NULL,NULL,NULL,NULL,NULL),('412','1-6gm39ohu','2-a9s807xo','Av. Brasil N. 1162, Savassi, Belo Horizonte - 516541','100','Descrição do Serviço está aqui',9521,'2022-06-10 00:00:00','11:53:00','2022-06-01 00:00:00',19567,'Concluído',NULL,'2022-06-22 00:00:00','2022-06-21 00:00:00',NULL,NULL,NULL,NULL,NULL),('413','1-6gm39ohu','2-a9s807xo','Av. Brasil N. 1162, Savassi, Belo Horizonte - 516541','100','Descrição do Serviço está aqui',8461,'2022-06-10 00:00:00','11:53:00','2022-06-01 00:00:00',19567,'Concluído',NULL,'2022-06-22 00:00:00','2022-06-21 00:00:00',NULL,NULL,NULL,NULL,NULL),('414','1-6gm39ohu','2-a9s807xo','Av. Brasil N. 1162, Savassi, Belo Horizonte - 516541','100','Descrição do Serviço está aqui',156,'2022-06-10 00:00:00','11:53:00','2022-06-01 00:00:00',19567,'Concluído',NULL,'2022-06-22 00:00:00','2022-06-21 00:00:00',NULL,NULL,NULL,NULL,NULL),('425','1-6gm39ohu','2-a9s807xo','Av. Brasil N. 1162, Savassi, Belo Horizonte - 516541','555','Descrição do Serviço está aqui',97854,'2022-06-10 00:00:00','11:53:00','2022-06-01 00:00:00',19567,'Concluído',NULL,'2022-06-22 00:00:00','2022-06-21 00:00:00',NULL,NULL,NULL,NULL,NULL),('464','1-6gm39ohu','2-a9s807xo','Av. Brasil N. 1162, Savassi, Belo Horizonte - 516541','500','Descrição do Serviço está aqui',1651,'2022-06-10 00:00:00','11:53:00','2022-06-01 00:00:00',19567,'Concluído',NULL,'2022-06-22 00:00:00','2022-06-21 00:00:00',NULL,NULL,NULL,NULL,NULL),('476','1-6gm39ohu','2-1iskd06o','Av. Brasil N. 1162, Savassi, Belo Horizonte - 516541','100','Descrição do Serviço está aqui',9521,'2022-06-10 00:00:00','11:53:00','2022-06-01 00:00:00',19567,'Concluído',NULL,'2022-06-22 00:00:00','2022-06-21 00:00:00',NULL,NULL,NULL,NULL,NULL),('489','1-6gm39ohu','2-a9s807xo','Av. Brasil N. 1162, Savassi, Belo Horizonte - 516541','872','Descrição do Serviço está aqui',16543,'2022-06-10 00:00:00','11:53:00','2022-06-01 00:00:00',19567,'Concluído',NULL,'2022-06-22 00:00:00','2022-06-21 00:00:00',NULL,NULL,NULL,NULL,NULL),('490','1-6gm39ohu','2-a9s807xo','Av. Brasil N. 1162, Savassi, Belo Horizonte - 516541','872','Descrição do Serviço está aqui',18916,'2022-06-10 00:00:00','11:53:00','2022-06-01 00:00:00',19567,'Concluído',NULL,'2022-06-22 00:00:00','2022-06-21 00:00:00',NULL,NULL,NULL,NULL,NULL),('5dbf1b1w','1-htvbk2aj','2-8mtnnpka','','500','eu fui ao parque e comprei batatas, mas perdi as batatas',NULL,NULL,NULL,NULL,0,'Pendente',NULL,'2022-06-13 22:29:33','2022-06-13 22:29:33',NULL,NULL,NULL,NULL,NULL),('5x971e0b','1-j6a8zga5','2-biwyjmcu','teste N. 345, teste, teste - 46346','700','Minhas paredes precisam de pintura, tinta rosa apenas!',0,'2022-06-28 22:52:00',NULL,'2022-06-24 01:50:07',4,'Concluído','data:application/pdf;base64,JVBERi0xLjcNCiW1tbW1DQoxIDAgb2JqDQo8PC9UeXBlL0NhdGFsb2cvUGFnZXMgMiAwIFIvTGFuZyhwdC1CUikgL1N0cnVjdFRyZWVSb290IDEwIDAgUi9NYXJrSW5mbzw8L01hcmtlZCB0cnVlPj4vTWV0YWRhdGEgMjIgMCBSL1ZpZXdlclByZWZlcmVuY2VzIDIzIDAgUj4+DQplbmRvYmoNCjIgMCBvYmoNCjw8L1R5cGUvUGFnZXMvQ291bnQgMS9LaWRzWyAzIDAgUl0gPj4NCmVuZG9iag0KMyAwIG9iag0KPDwvVHlwZS9QYWdlL1BhcmVudCAyIDAgUi9SZXNvdXJjZXM8PC9Gb250PDwvRjEgNSAwIFI+Pi9FeHRHU3RhdGU8PC9HUzcgNyAwIFIvR1M4IDggMCBSPj4vUHJvY1NldFsvUERGL1RleHQvSW1hZ2VCL0ltYWdlQy9JbWFnZUldID4+L01lZGlhQm94WyAwIDAgNTk1LjI1IDg0Ml0gL0NvbnRlbnRzIDQgMCBSL0dyb3VwPDwvVHlwZS9Hcm91cC9TL1RyYW5zcGFyZW5jeS9DUy9EZXZpY2VSR0I+Pi9UYWJzL1MvU3RydWN0UGFyZW50cyAwPj4NCmVuZG9iag0KNCAwIG9iag0KPDwvRmlsdGVyL0ZsYXRlRGVjb2RlL0xlbmd0aCAyOTc+Pg0Kc3RyZWFtDQp4nK2SQWvDIBSA74L/4R11EKMm0QRKwRgbUpYlS9PuMHbcetpg2/+HadZDu3aUsXgQnzzf+/x4EPewWMStbSrgyyWUlYV3jDjjYeW5Bg5ZkTGZQZ5K+HjG6OEG3jAqR4zilQCpYHzBSPg8DgK0ZNzn6tQ/kTC++qR6o2H/6WvCforyQ1Rj9EhsRxPS9kO3o1FCzF3YRxqlxNEnGNcYOd/nHqM/MQlxwiRTxcQx0kRyAIDTPuBaC3AkRcwohUtWZGcEvTdg6q1rgEaaCBF+z6n2ZP4w0Iw40wQtGzDddLemIiVba/5h6AdgonKmfgW8pkjOp0gpzvQZwG4aiIFGijRezKoJsTVVsNJRkXyrCh7dbVCUkJJOw5SF+ZrPUloES5cZL0n6AgsqpO4NCmVuZHN0cmVhbQ0KZW5kb2JqDQo1IDAgb2JqDQo8PC9UeXBlL0ZvbnQvU3VidHlwZS9UcnVlVHlwZS9OYW1lL0YxL0Jhc2VGb250L0JDREVFRStDYWxpYnJpLUJvbGQvRW5jb2RpbmcvV2luQW5zaUVuY29kaW5nL0ZvbnREZXNjcmlwdG9yIDYgMCBSL0ZpcnN0Q2hhciAzMi9MYXN0Q2hhciA4Ni9XaWR0aHMgMjAgMCBSPj4NCmVuZG9iag0KNiAwIG9iag0KPDwvVHlwZS9Gb250RGVzY3JpcHRvci9Gb250TmFtZS9CQ0RFRUUrQ2FsaWJyaS1Cb2xkL0ZsYWdzIDMyL0l0YWxpY0FuZ2xlIDAvQXNjZW50IDc1MC9EZXNjZW50IC0yNTAvQ2FwSGVpZ2h0IDc1MC9BdmdXaWR0aCA1MzYvTWF4V2lkdGggMTc4MS9Gb250V2VpZ2h0IDcwMC9YSGVpZ2h0IDI1MC9TdGVtViA1My9Gb250QkJveFsgLTUxOSAtMjUwIDEyNjMgNzUwXSAvRm9udEZpbGUyIDIxIDAgUj4+DQplbmRvYmoNCjcgMCBvYmoNCjw8L1R5cGUvRXh0R1N0YXRlL0JNL05vcm1hbC9jYSAxPj4NCmVuZG9iag0KOCAwIG9iag0KPDwvVHlwZS9FeHRHU3RhdGUvQk0vTm9ybWFsL0NBIDE+Pg0KZW5kb2JqDQo5IDAgb2JqDQo8PC9BdXRob3IoRnJlZGVyaWNvIERvcyBTYW50b3MgRmVycmVpcmEgRGUgQW5kcmFkZSkgL0NyZWF0b3IoTWljcm9zb2Z0IFdvcmQpIC9DcmVhdGlvbkRhdGUoRDoyMDIyMDYyMzE4MjYwOS0wNycwMCcpIC9Nb2REYXRlKEQ6MjAyMjA2MjMxODI2MDktMDcnMDAnKSA+Pg0KZW5kb2JqDQoxNyAwIG9iag0KPDwvVHlwZS9PYmpTdG0vTiA5L0ZpcnN0IDYwL0ZpbHRlci9GbGF0ZURlY29kZS9MZW5ndGggMzIxPj4NCnN0cmVhbQ0KeJyVUtFqwjAUfRf8h/sHt2mtUxBhTGVDLKUV9iA+xHpXi20iMQX9++XaDis42F6Se07OOUluIkLwQIwgFCDGIDwfxABEGLgSfN+RAgLhSB/CwQhEAOGLI4cQjoYwmWDMcg8STDHG9fVEmFpTZ3ZeUoXLDXhbwDiHgDXTab/3B4v4v8V/avFay0xndUXKPt2Mr59wA27TmKcttBkd/doQJVpbTHRJK3nivnB6LI1L5lVuETMcOmhiOqsRXeySriDa6IXLUtoSRjzM1f4O1k660xdMKbP4TnJPpqnZ81N/qLJQlB4kn5CJV+USpC20arGxxZd0xQ19anPcaX2894KZ84HI8iEtrmRmdAe/HdzYwbNCljrvEGlZ7KmjbfZxstzIChdFXhtq7xrV1XnDv2z40N1IVnTeNPC3h+j3vgFLrsVdDQplbmRzdHJlYW0NCmVuZG9iag0KMjAgMCBvYmoNClsgMjI2IDAgMCAwIDAgMCAwIDAgMCAwIDAgMCAwIDAgMCAwIDUwNyA1MDcgMCAwIDAgMCAwIDAgMCAwIDAgMCAwIDAgMCAwIDAgNjA2IDU2MSA1MjkgNjMwIDQ4OCA0NTkgNjM3IDAgMjY3IDMzMSAwIDQyMyA4NzQgNjU5IDY3NiA1MzIgMCA1NjMgNDczIDQ5NSA2NTMgNTkxXSANCmVuZG9iag0KMjEgMCBvYmoNCjw8L0ZpbHRlci9GbGF0ZURlY29kZS9MZW5ndGggMjg1NzQvTGVuZ3RoMSA5MzM1Nj4+DQpzdHJlYW0NCnic7J0JfFNV9vjPfS9J2yxt0jVtmjRtmrQlbdKN0rK0obSlpWylDbasLQWsC1KBCigIOoJYQVTcEBXEXVDSsBVBRQeXGUWdGcZxGRWXGTc64CguYJv/ue8kpUVQdPyNv9/nn9Oe973Ludu59913X5rPp8AAQIsXGTSWl5bV6SpbZwMruwsg7Gh56egR30z87HNgrgVokD6u1pm74ej0LwDYKizV2DynqTVsyNF/AVxYiPna5ssWmEueqD8CcIMLQLFqduv5c+79rHQrwCWVWF/U+Rcvnl2eNepRgFteBChvbJnVNPObN3Zg40yN9RW0YIJmb+JfMF6G8dSWOQsWzTOkrsT4JwAt4y+e29zUfteiHQBvpQPkn5jTtKg17bu4VzG/Be3Nc2YtaDq0/q2LgI1djfGLL2maM+sl5eYwYBGpADlZrXPnL/AZYCWOp47bt86b1fqd64/zARZOAYh9H7gvFIUT7Ddv3j09YuhxiA8FLns/X/Iy5+vP7Wg8+Vb3QGVC6Hi0DQMBSLCcAnqAHVBuOvnWiZXKBKmmPhK/lackLIHloIWhIGJJLTihEUD9rdQuA1E2StgHcgiVr5fnYZUmovgaPCFAKAgRIYIok4mC7DAM8O2H1Cuw2jBe95hasxnMANaXqQ8h9wg2MzAfzxP3y8P5SCFaFn6qNww9JnsT4uBnimwJrJENhXFnypOrYE3fuPhx//jZRNwKa+TxUPVjNkLKudUl2T6I3u1b/4wzl1X0YLvlZ86TXwDjz7U9LrLSU/XIrjrNDy9CyZnKiF+Dul+bRbD6nNvbC7E/p38/KD8SlD+7TCGsFF+CSWfMuwnvqT4iru0fP5uI9bBSdhfU/5iNoD23uiTbC06Lf3/msopKbPeFM+fJ3gL3ubbHRew+VY/Mepof5sKIM5a5Agz92twK15xre7KB/cv+bxNZNVT/1n0Iyn8uwhtw5W/dh/8LIhyHwb+oHJx5Lw1KUIISlKD8NiJsgH+eNe8CePW/2Zf/KyJeDYt/6z4ERPYwjBXehfiftAuHItRbftJuAdQLj0HiT9mJG2EQ6k/64dfun+iEYYIcjD9l92uXFXaCE8tafy27oAQlKL+tyJ6B2f9pHWIU6EUlLBJjoU68CBYJu1FvxvgS+lyFeTAuh3QeFs6HRbI7MY/n3wtu4StYJNWhQZtVMFjwgElcBJfwOv/TfgUlKEEJSlCCEpSgBCUoQQlKUP7vSeB9kL9nSvS/Z0rhn3jPlGzuJRv+vim9a/rfM3+LsQQlKEEJSlCCEpSgBCUoQQlKUIISlKAEhYSt/617EJSgBCUoQQlKUIISlKAEJShBCUpQghKUoPQXoRVyUOv+R9uYDYWoDb+stO/hX7c3QQlKUIISlKAEJShBCUpQghKUoAQlKEEJSlCCEpSgBCUoQQlKUIISlKAExPfEb92DoJyTiH5NpP92xMwYw5CoBhmTYUIumEEGkRjSQArkwEgYBeNhIsyEebAJ9hgzjQ5jjjHPWGAcbBxqHG4OM7ear7K+7JP+cxGWMUM2DIcqGA0T+pXJxjIDjYVYplgqs1wqw3zHse19vb3bxRJ8zWLx59f2/+lK+3DlhyveG+b/D00O1GwYCsVQcS4jFkeJt+OYdDgqPY7bBmnghMFYugzKoRrOg0kwDfvaAvNBwY5IZb44/X9BYVzw/+coAX5cWJ9Wz96pI2LXT9TTv8cg9Rn69Br69PvsnUn4kbxz/t9F/0tE/GmTnyHB9T7fVTF92tQpkyc11LvraifUjB83dszo6lFVlSMrystGlA53lRQPGzpkcFHhoIKBTkdWZrrNmmpJSdJH67QRGpUyLDREIZeJAoPMcktFo9lja/TIbJbKyiwetzRhQlOfhEaPGZMq+tt4zI2Smbm/pQstZ59m6SJLV68l05qHwtCsTHO5xew5WGYxd7JJNfUYXlNmaTB7uqTwGCkss0kRDUaSk7GEuVzfUmb2sEZzuafispb28sYyrK9DpRxhGTFLmZUJHUoVBlUY8qRbWjtYejGTAkJ6+eAOAUI1vFmPaC1vmukZX1NfXmZITm6Q0mCEVJdHMcITItVlvoD3Ga43d2Tub1/dqYUZjXb1TMvMpin1HrEJC7WL5e3t13p0dk+GpcyTcflHehzyLE+mpazcY7dgZdUTehtgHrlVazG3HwfsvKXrSP+UJn+Kwqo9DjzIh9jrJswPhAH7hj3E8SUn875c3+mCGRjxLK+pp7gZZhi84HLaGzxCI8/ZH8iJcfOc5YGc3uKNlmQ+VeWN/t/LWvSe5TPMWZnofenXir+Yb/aItsYZzS2cTbPaLWVl5Le6eo+rDAOuJv9YyzuynWjf1IiDuIC7oabe47S0eqItpWSACWY+BxfU1ktF/MU80SM80NjsL+VxlpfxfpnL2xvLqIO8LktN/R7I8x3uyDcbtudBPjTwfnhiR+Ck2Mrb62fO9iQ1Gmbi+pxtrjcke1wN6L4GS/2sBj5LFq0n4zA2lyy1KJXCsZ1mHTDmIw+xhprrBYPYwGcLE8wVeLGUDsUMLU6XFOUzWjrUXM8MEDDDVvwWPNSvHoyI1hGVPEvkRUdUGpIbkkl+pEsGf5/kVk9on7q0mNDbJ2rnrF0ja96hDHP5rLI+HexXqdzfQX9tZ+6nwH3hbxhLhPLprAxkiVa8czFNwGqkJD6LerMHxpvrLbMsDRZcQ67x9Xxs3NfS/FbXWqprJtVLs+1fJXX9YpRfSDEPJGN2ICKMwDVYYTcEplWKj5TivdHK07KrAtnm9lBLdW07r9zirxDMeAfhoBW2qqbrCyPz8daswN3NUtFkMWvNFe1Nnb7lM9o7XK721vLGlsG8DkvVzHZLbf1Qg9TXCfVLDZfzpiKhmlXXlWZl4t5T2mFhq2o6XGxV7aT6PVoA86q6eq/AhBGNpQ0dqZhXv8cM4JJSBZ7KE3nEzCO8pgkYCZXsDXtcAMulXJmUIMWbOxlIaaGBNAbNnQKlaQNpAqbJKM0lpXHBSdK3oItxuy03z+TTs6Shpb2xgd9cEItTib/MwyzF4BEsxR1MUKg9SsusUo/KUsrTS3h6CaUreHoILgwWy9A5fE9qb7TgPoULqh4MjJaiyKs0d/p8dfXJBw1dDcm41KagTqr3hNlx75dbR6HdSK6NmDzSs7y5ifcD3PW8bIi1qrkBl22gQjSp8oRhDWH+GtCiQirDlyMWasa5wQmUyi/HiGd5g6fBzhutv6BBWs5aD1RaBuO0U51yG2/I2dAeacmV7k28FZTWaznCsG9QW08pBoxiYw3kpBA19rzZglnNjWb0tgyaa3Gp016qNFDKLNwSZbZZkioN/kzgwxKtKo3SE+bACvGXh1UOfkvKrSENDdR5KXat3wDb1npU2CNbH1f6C6B3MKuK9wV/r8WuctNneDU1nTDBsgh3Ft5pqaYQzPZorFVNuPlTeRWmWAoDhUP5HqHy13GAUkP4yNXod9Fa1+l7yLI4uY9kZVr4w4EvTDDswYUNDe2nJ3gm27MyQ09P1UjJ7e2hmjMXIH+FanqJieANEz8fbhRH4JIfIg7H6/ViNmxAFUAmOmEm6gLUQ6gyMUscAIWQJGb6aRcHeAuTUp/G6P2oO1BF335MtKRV7JECieaK4c3iUCgUh4BbHIwsQhYiByELkAOR+cg8pAWZgkxGmsENdpHfihfxqziM8jA2BNNSxRyoQxWkUL4/9hWqDKLFNChD/QhVxF6noQ2lLEC9BvUW1EOoX6GGYtdTsMZ8bJFhWTNam9HajDWasYQZS5hBIXznNRmTOoVvvSY74huvKRPxNeE44SvK+5Ji/yZ8QThGOEr4F1l2EY5Q4ueEzwifEj4hfEz4J+EfhI+8pjDEhxT7gPC+1xiJOOw1xiPe8xqdiHcJ7xD+TnibTN6i2JuENwh/I7xO+CvhEOEvhD8T/kR4jfAq4RXqxEHCy4SXCH+kZv9Ali8SXiA8T3iOcIDwe8KzhGcI+wlPU51PEZ6kxH2EvYQnCHsInYTdhF2EnYQdhO0EL6HDm5iL8BC2eRPzEI8THiNsJWwhPOpNzEE8QniYyj1EeJDwAOF+wn2EzVT8XsImwkbCPYS7CXdR1RsId1Lx9YQ7CLcTbiPcSuVuIawj3Ey4iXAjYS3hBqp6DRVfTbie0E64jrCKClxLWElYQbiG8DvC1V5DPuIqwnLCMsKVhKWEJYQrCJcTFhMWERYSLiO0ERYQ5hPmES4ltBLmehMGIi4hzCFcTLiIcCHhAkIL4XzCbMIswkxCM2EGoYnQSJhOmEaYSphCmEyYRGjwxg9C1BPOI0wkuAl1hFrCBEINYTxhHGEsYQxhNKGaMIpQRagkjCRUEMoJZYQRhFLCcIKLUEIoJgwjDCUMIQwmFHn1RYhCwiBCAWEgIZ+QR8gl5BCyJYjMq3dgzEmJDkIWIZNgJwwgZBDSCWkEG8HqjRuCSCVYvHF8Qad44wYjkinRTEgimAhGQiLBQEggxBP0hDhCLCGGWoimFqIoMZKgI2gJEYRwgoagJqgISkIY1RlKCKFEBUFOkBFEgkBgBJDAfIQeQjfhe8JJwgnCd4RvCd9IzbKvpRGx45T4FeFLwr8JXxCOEY4S/kXoIhwhfE74jPAp4RPCx9TeP72xFsQ/CB95Y3GBsQ8JH3hjCxHvEw57Y0cg3vPGliHeJbxD+Ls3thzxtje2AvEW4U3CG1T13wivU2V/pcoOEf5C+DNV9icq9xrhVcIrhIOElwkvUbk/UtV/ILxInX+B8Dy195w3thRxgAr8nhp6lnr9DFW2n/A04SnCk4R9hL2EJ6jqPVR1J1W9m6reRdhJ2EENbSd4CR3UrIewjfA4Vf0YYSthC+FRwiPeGNx32cPemOGIhwgPemPGIB7wxoxF3O+NGYe4zxszAbHZG+NC3Esmm8hkI5ncQyZ3U95dZLmBYneS5XrCHVTgdsJt3pjxiFup+C2EdYSbqUs3keWNZLmWcIM3pgaxhixXE64ntHuj6xHXeaMbEKu80VMQ13qjpyJWeqNHIVZ4oycjrqG835Hl1WRylWsb8lhEedLR8Mqkw+qxSc+iPoO6H/Vp1cQkL2oHqgd1G+rjqI+hbkXdgvoo6iOoD6M+hPog6gOo96Peh7oZ9V7UTagbUe9RtiTdiboe9Q7U21FvQ70V9RbUdag3o96EemNYS9Ja1BtQ16CuRh0eJnwvnICJkCScRLZAElvmjeK345XeSL60FhDme3V8ac0jXEpoJcwlXEKYQ7iYcBHhQsJQwhCvlmMwoYhQSBhEKCAMJOQT8gi53gi+TnMI2YRIgo6gJUQQwgkaL05KJ1MTVAQlIYwQSgjxavhUK1yTkf9C7UI9gvo56meon+J0vof6Luo7qH9HfRv1LdQ3cVreQP0b6lOoT6LuQ92L+gTq3TgVd6F2suXk6cu9Or7kF5NzFhEWEi4jtBFGEErJD8MJLkIJoZgwjIYcQ4gmRHHsEUVR8LqS7n9KFPDlToADqKII1JcrCLU06xOoZzWE8YRxhLGEMYTRhGrCKEIVoZIwklBBKCeUEVIIydR5MyGJYCIYCYkEAyGBEE/Q0zDjCLGuDchu1O9RT6KeQP0OJ/hb1G9Qv0Y9jvoV6pc4q/9G/QL1Y9R/ov4D9SPUD1E/QH0fZ/cg6suoL6H+EfUPqC+ivoD6POpzqAdQf4/aibobZ3wX6k7UHajbUTfw2Re6ycdLCUsIF3h1eBRiLYTzyS2zCbMIMwnNhBmEJkIjYTphGmEqYQphMmESoYFQTziPMJHgJtQRnAQHuTqLkEmwEwYQMgjphDSCjWCluUklWAhygowgEgQCozsSXJuRPtQe1E/Qsa+j/hX1EOpfUP+M+ifU11BfRX0FHb0HdYVoTbpGdCT9jjmSrq5c7r5qy3L3ssql7iu3LHWrlg5ZWr1UVC01IK5YumXp20sVSyovd1+x5XK37PLoywXl4sqF7kVbFrpVC5n6sso2d13bR21ftYnRbXVtM9sWtN3SdggTQu5v29F2oE3s9O13RbYVDqlY3nZjmxCN+QK0sQienNymCq9YUDnPPX/LPLdsXv48YchX89jheUzInsfGz2ucJ6DV9nmp6RXceuC82IQK7bzsea554qWVc92tW+a6x82dO3fZ3I1zn54rXzZ37VxhG4YE19wwTcUllXPc781hsE/wgRZ1v+Dzisq5e4UeYHBU6HH52EXogAvRERc4zne3bDnfPdsx0z1ry0x3s2OGu8nR6J7umOqetmWqe4pjknvylknuBke9+zy0n+ioc7u31LlrHTXuCVtq3OMcY91jMX2Mo9o9eku1e5Sj0l21pdI9vpKNdFS4y8WCJHyCgAl/W03LTcdMMlWjsdUotBoPG48ZxdbEY4nCMgOLSFiWsDZBjMCLQJf4pPi18Rvjt8XLI6SAqG6NXB4ptOqW64RsnUv3mu6wTga6TTohYm3ExohtEeK4iOkRRyN8EbJtEWxb+NPhr4aL48Knh88NFyPCeVzUusIdORURmiSNa6RTIw51ako04zTiWg1zaRy5FS5NalpFiXqcerpa3KhmLrUto+Ko0qcUXErMOBrmCxN8YQxEZmYMmBYhhuLc7GAxSRXik4z/WVMOjN0IdfbqzhDfhGpP6PjJHrbKY63lV1fNJI9ilQfckybXdzB2Q0MHE0bUeaL5Z+tSfMWaNWAsrfYYa+u94qZNxtKGas9yHna5pLCPhwFNGuzT5rfNn7/APt+OF9Rp8zFlQRv+SmB4RbYt4DkL5gOa2M8i3GI+R5tkNL9tehvWgRmYPF9K5rFpksnZ6vivyllH8t8Q9ls2/v+3AC5kvqrn912IfDHgOp2vnz5N+pJAyD0APev6fGvgKvy5C7bATngCnoE/wl/gS6aERlgBT8OH8Bn8G07ifRvCYlgiy/iZ37T4Een5nXwOaMT9oIA4AN8J36c9j/g+xe0hvE/KOozFyWynUnyRvq7T03rW9XT2vKJQgVYqqxVewtRjrMt3QijhcV8BjwvX8rBU4ljIPT3bejb2604rzIM2WASL4XK4ApbClbAMfgcr4VpYBdehL5Zh+HpYDWvgBlgLN8JNcDOsg1vgVrgNboc7YD3cCRvQj3fDPbDRn8fj9+DPbVIuz9kMD8IjsBV5H9wPD8BD8DDGH0Xvb4XHMY1SKP4YpmyCezH1QUzlVjxtG/54oAO8sB124JxRPBDrhP2wC3Yj9+Bs7oV98CQ8hfO4H2f2WSmNpwTiZ7ek6+/hADwHz8ML8CL8AVfGS/AyHIRX4NVflPNcbwqPvQZ/gj/jWjsEf4XX4W/wJrwN78J7cBg+wFV35Af5b6DFW2jzjt/qfbT6B3yKll1oSXZk83cp9xOphkNY9jB8xELhOBPgJPgwxGfvNmmG1kvzyGePz879kp/5fGzDOJ+hh3rn5jH08WM4nzzGw3f6Z+NxtO1ADwb8d2avveKfHfL3PrThvuA5B/2+eME/E7yep3rLviTleaVyz/bWesqjNMK/9vHO3/v48B/wT8kz5D3KPeU9bvER2nAv8zr6+/YDLEve52V5et8yPO8tjH+Ku8MR9DTn59JMfA4f94Y/9ud3wb/gKByXrsfgC9xPvoSvMP41phzD2A9TT0/5Bn++he/gBM7g99DdJ9Z9Wk439OAc4wGDCUyEnlOhU6mSypicKXBPC2VhTMnUTMPCWQQeV0JOy1H15uh+kKM+Q16YlBLJolg07pdxTM8SmAH3TSMzsSSWzFL65MX35pgxx8JSmdWfFyuVjO8tm4QWcX1sM1g2W4hXO3MwJ4ZzWD4byAaxIkzJwnguxgdjXrbEUhgPM+BiOCH/RHgZ64/GXaXjl+7a8kchBjb5vvWV9mzu3ifuYnXsZfRIOPhwpi5hLtgknwYXyVt9X7MU3xfykb4jshO+IyzH9xUoxU3ibLwP3peNhiV4CoSe+eLbuGOLEAJFMAbGQt0+0LC7cVsfzF7aUVYWmhXyFEYFMLOXIBSn725XlEzQGAwlloGK1WKNrqokZLVQByXd777zPF4ORhY5DzLnO12vd2m7n9cVObsOdWXnMF2yTtLocCEkRKGwpDiEgWm2gry83GJhYL7NkhIuSGn5BYOKxbxckyBGB1KKBR5n4tvfjxPLu1OFxclDanPkzG6NS4oKDRWTTBprnjmieoylID1BLgtViPLQkLSCUot74aiUV5T6tERjml6JNCYiu5+Vh5/4tzz85HmyspP7hE+K6otTFYs1KkEeFnp3uikmNSdxWLUmQiMPN8QlJIaE6sKVAyqbutcnWOOUyjhrQqKV12XtHoIeifOdkP1eHg0pYIN3+BnZXb8HUn2f7FBFsNGWTt8nLiMPWdUai14DsSw81qZSWlKUILMwncVmxbdOl8mlAjWLFNXqNGOqxWJSamLBkqIPiTROiHTL3aAvKSmJjCsq1OXp0LHTp03NS+jKZfHOaVP1B3Pzll574ADTH5g2lYLZOXiCNvTvw04e+A/ays6x2xussbE0Z2licki4aEmx2QoGMZqouBCLmCzrUCtiC3Pyikxq2Xk9CRNkGuNAuyM/WqFmaxVaS3HekIo0neJZtpvNnZE6IEYuhmk1TNYdHqWSKeIGWGRLdDEqUVTFRj3f/RauxTUAsgJclSawQyHcHfBtkrBuZ4IqJkYF/G+OmbY8/lc4VUIavnhvz8kJSe30jzsVX9ZdYdqafD2P5fPXeldIHY4vocte0mXHwXUVMWdXrrML12dkEa5PQ8cvqyU7pwGXtMySnGIbqMsvyEtGh8TwNW4SWb5DsFh0fIFHnQrKCmwjprYuG9vzcHJWVjIrX/jApUP1jhH2QVPL03u26rOrhq1YV1SWFTvCNHhS5V1PDaoelMSuKW+dWJwelZYpa8lMS69ZUuesLcvXKnPHXcjeSyvOiO3xGJwl3d9ljcxO6LkxLmsE/w70ON/nMrXcgvf0deQ9byLYnxJegHDQsyZIBpt/lDb+yUtUrayTTdo9MFsaajb/aMYVNpEPtdt+qKuEX9Bfh3CBGfb9wvLoKWt0ON34+ZEFBbh0FDH+e5zf/THRJoE7iC8pmVpUKGNLJreVrXj9tvH197yzomCmu8ygVIgyZXhYhKNqVsWYxe5M53lXjKmYXeXUKNWhsgPxlvjIuNTk2An3fbX5AQaPT4o02gyRibZE04AEtcVuKWl7sGXeQxcPTE43h+rt/HvkfJXtx1UWCUkwl7z0NEQJG3CHTRBuhjDQ+8eo72QOV1h4jUEanoF/ruSSn1oJjPY4vPHOsQCtGqHfqpH3WSP7pz7+3dael6QVMvqxLx6Y2HPMPv3WxSuuu/iW5hzhTm/3pmpaDDUbP7tvyj0Lhn9/Y+GlD+Os44jE1TiiTHicxsOXtXCzKyIsyhxlxhEl6DXYoYQn8B0CJ3CXho2x2RTxgRUfL3VbU5MmdTuNf2LmUvRb8XY+WrxlipxOLd8bDLt+hRppaQg/uIksybrTgjg4ZURY92XcM8LKsHClXI4LoieXXRsWwcMRYT2L2Z95+Hzc9FXkJGV8mgm3flXPAVUcPgxsccqedSp9Gr9L1vhOiM3orzTY7fdXSFSncIsrVmMEkzEkPYKNCdGrNWx0iFaFwSfYeRDlO7YLw1FR8YpO3+HtaKGQBhvORis62eQdrpSaeGkrxRH6x2fnPjugK5Ic5tL9etX2rqO+fgo8NwOexAGq0EcNbE1YuEouheerk3LTbHkmDXqxiafKNpsy9Oqe+5X6dJMpPUHVY1JpVQoFXmS3Zqap4gegr6p8n8k2yFOhBN4kX21PTIzQ869tQFrEXmE95PPlz3uux55v10g8tl3NydJ2pKQUOYv3MieeOZT+xaHEgbnCimqjpcURzT/7dTkn+hcH3zP4Y4jch3tPF0YCN9n/SCsBb/bbkAoG6fBpJx1CJB/r+G5/6lgiQ5eEacI0gxtX1E+74+LBQy68dVLmROvxyGi+MNlObXyUMmZ44/kXDNxw/NFJjZ7v1te1n19mUMvKjQPilakDUocvfGjW3EfmDY6OZplZBYm2OJUqNim6u9uUlZAYrWx45Ms7N3Z3TItLtiXm0Xplt+KJIwYyAs9EEG7Z6VJqJ9DzmzkT+E60PRAP3Fq0IGh3jWG3akw0/5qkXFtarkmTqtQqFQq8yJ4PhLA10XdEMGBr6XBen9Z2GMMtE8I62ezdUXq9f7Obhdvbqe0eVzvvhPcnzE75WxE45Emnwd5+CobkccunmYbkpKpDFYIYolGG6U3pBkOGIVxjzLfZcpM0rKV+TXN+WLhWEx6XkpDiNKg04ZoIa3GOuFhJO4IS/PtiHY4kAaoCI4nB21wFYRETYqTexfC/NZzampjzIB+C62z5/bcsf39pi6rjjXZvS87SmPIk57LbeVcuMWUY1Lgh3R5w8MmjqvgMmlPFpbgHDYW/Ud9cKk12dpzTqXTo9QmdwswdqTlqtRIDuyG1oCZerdLvZVngAofv2A6tRRidgzeAy8xDcVp+1dA1Du8WhyIpvSbJ3Xu648c7/nEUnutyc3GQh7pydXlaftEVDXPm5enycNA7f9VG+q1AC+OHRzxGMku/fUo6R7I8fqKUPKm4VGXMtqZmJ6qFnutkkUnZKSnZSZFiz22CyuTEdKOqIGurozTbrGZ6GUvRJGUUWjsMafF9FrLx5EcanVKU8z0s8eSHvelX5RVEWIoGfN8tsgGDUyPCsZT/SSDrlEfCMNhOs7ArLULpiIiI5t8CMjlyETvAVDghg/shMsImjM5Id6SotTykVikiOtnS3fik4bu0g/9hLLBU0BtFRXjMLLLjNlNkJ5+jx506crb3P68y4GFyrM2WZomNjfmhe6NMYlyerc9ylXVqDdaoVkuePT2+56nEwXGCTKYyOFItjgTloPQ1tvyM1KjvY+3ptkgmiupER2qKI145JS5Vrwq3luQKUwuWDqlcO7p7spIeFUrZ9U6nxjQwrSfNXls7Pr3ijnJhulKrlsvVuJsIMN73qTxeboUofNr2nraihWfxtGXCqxLiT50ZpuCNV2vR0zsMv/HkE89w2jrHAn329cA+Ix22+hw65fHj7/l0/e3v31aNvHPd+7eP6TliHrO8senq8cnm0cubOIXb7u3pmDpu84ktd5/0TBu7+Ztdsx9aOLzq8vsmX/jIopLKJQ/wEyWuIhHv5UTIgCv9J4pUxV5hHejAKDzjCgOdVeokvo/ZtysUaktn76sas+9wxdSoAw956aHEV4v/nPWzygWGbDn9NCDre8wUy65+cvnF/meBOied5ThqFyysy+zpyq4Yk9F6WYm7IFFcMefh+UN7mnvvn9VOZ0hc8fRlM8rqB6h6qlKGuf3jHoPjLoAy2EDj3qF16DKUe4XncX4HCRu8GSU66ZueDm2g61p8v9rucsUNCyQMw1esXa7kmrjAThIYjvSydqhLelQX8Ze1X1RJn50oTXSIP3BObJxJ9L+7xcXFxrJ8W5rNFvDVmFDT4NwBuUa1bEFMeo5rwISA2/CIPi6v1DB26XmOZNe0oca8rPSoORHKnscGl0bnZV22srCuMDFFFaHEe0unZsk5o/MSeqJ6vXl7ZppMVBWct3DM8IvqiqPC04uqHD6bRZzpqo+UK3puMuSU8d2pxPcpHn2tUAV7As+v4cLtO1NzU3PVBv4uDGoH368HgZJl7dINwp/YoQGPDO1kWS71cIM8ozZWWkSx/I/mp+4QvpvYdXSk13bxJSed77uklz3Hr1PrqXtQ1u9Zn9/77D/9ZVAhrh599ePNI+bXD0lQyfBIH543fm5V9uiBidljZrTMGJNd3raxwTFlfHF0iJyfDVSq7Iopg+wue4xz3MyWmWOz2TWz7zw/PzYpJSHHkTQgQZWcnhw3oNiWWZJjzx7mXlAzdc1UR7jeFB0eZ0kwpieoE5MNMdZ8o53y56PX1fh28Bmu6hSo9d/LoMC3g+16nSIy4IZI6XBuPHX/5TLnge6DfJH+mNGpk3vvGkwO7E/SKeIz6WVmHz9D8INazz4lvewoxRv5641sszEjXn2yq3chRanjM4ymAfEqfljHvq/2fSp7DE88dnBT3/eBWbgR78VYYZ1LrbRN0E7ofTmd0mfaSgLbq0t1dpu+O+qp00/06ec32WMVq168+vJnV46U3jfwKGQb2TyseEaZVc2HlWNSsw8W7ru6bNiSPUvE3nuiWzbm0lFWW9VFZaKq9zCKI4rFPeZBHFEqjPV/ogHxeDwasyM1Xh0fx9/aVC5NfNIEvTzSf/iNLCph8U79oQRc0Np38ILD2n2aAd8UpDOJjD86pY8lAieR3NhYRYiok2tTi3PTi9LjdWGynmVqefzQAkd+okrOhjA2UKY2FjgdeVEhagf/BIvJQtU6jewK/hGXTBkd8X2C+L4uRi19xsU/cVDiGIplmTiGdKjeqY9LU9s0nULN7jgbpqhseMjbvBNsVuMAfFPWusLU6kjjrMgWeQvwUxVuYrj/SSPiT39pTBKzc059Ppd2+udzMvp8zq4KjR0yKKcwUSUb3jN7mJx/PpeVExWiYmMVutTivIwhGQk6PP4LN7H/x96XgMdRnIlWd0/P1XPf931qpDk0o2Mk2xrLxqfkC9+2bMuSbMuW5UM2PjDYxsYcAQIGQoCQZJclISwGy7Kx8AEYDNkEHMhCCGw4si/sQrJxNoT9IEvQaP+q7hmNZNkLebvvy9vV/J+7q2u6q/6r/qtr5OBKf8TIMhK18pl+FYRQYlOZj7lfo5eLKJFEoVU8km/CvwU/BIffi0JCjW5Bbyh9mu5CHHLTDxWLdK/lDOWcbW+YCr//WuqXKXpTikqlJEG8S03Tnu6npL2StajhYgPO7Vq2XGzJYuvD1+SI27tybc04orbG/N7fsLBj65T8MVc06qLmdtzVXm2MZAOJOfW+/CldqCZ5692JjE9baYxNrv9WX6IuaqImjVsxrdKrCoSYw6GAq3HNtPBV2TKFNNywkLrWGfdovjD6E/nVnnRAn/+DzpcCPVw6+C/M10T1qAqNP2ZB4dP060iBTFTVcY+TcvrIfsE1dD+leyqRakjRqfJ+akOvpBM1DLzRcpEchEpacEQmebliGPM1mTM9bVnV9rOHpjXf8ty22NVTax0KVqqUKgJ187ITVk30RaZ3TMg014YVErmY+Zto0umwqCff/MpNN//9HdNVZpcjVekMWeR2jz219PqmpQeuDludVqkpijUSpCiqAyniGlgYV78eJtWvvbj6RSWPqdph7ad6WV5Kgm24Yu2qbu69P7sz/x6RQN0dF+6Ykf/UO23bqg0bFm9tDtG+e1+7oZ5ndm7/87dM2bmkcqC1fNE+4CvWpwrApByNJ1WrvSdlHr1Hj2S2fkr1lCZEkboSpT2mbIfVoe0VFzVnCyB2oViSukwpyTiylFSBWTjwPEaUroOmSASH/H7qKqlKJhLJVNL8aeoAdLGt9qBZzuMsM4Uc9oBZ/gE07LagSZbPy8xBbJ0Oga+QA/Z+lO5lIdJ56KSD4+zIYWdBFfq0WrOon6rq87Sb8VrGSF/ka0IJQc/FwzEcEZkwco02/1fUZECNZTFqZxSuSkiAXQpA3qHVMOeq4nm5OWjHqOZvkPO3yZkzoUAFxm7x4G9ELtE4yOem97lcuGpz7TEUUT9DfxfUuIHSIRb5KdlTVgjQrUk53tdat8bQT43rTXYKTC5GB7gSo8WVmNFqJVX+ISeGcxCxhM/3itUSOyvjxNr0rO6ZM/csqUwu3DnV3Wg/LQEugzQk1G6X12jyz1+youLQz+6dM//Bt29s2rW0BgzrfnfYjBU4uXTf3IU3LC5XKv9BbgzYbAGjLOLNz7IGJUqTRjbt1pf3H/j7w816h9NQIUiFuhXsrRHpce3ioeNyTQexphQOb0apjNwKniqI+ap0VoaClW6FW85rg5z5tUyJuaqU4e1Tg7+jPoBxI+T3jDCuU+XvsPRTm3tZwjC+AnLl6gb1gXvKlvmOmrhHIRFBBMNJZTqzx2z1GeUKHFtCrEnNXnXtooSYUymVBo85GLfJOE6ucKdq6ceLyPArh/43wMaCsdEDNkii7ADxZXtFa3lsLhBqxaOUK+h/0+sG8q4o1idML3UV0CrqqImDwj9TmOSL83JLROAn+wJoeS2adrzcWBEGRVqSk/mUCXlFhS8D7mtdTot8Ve0VJo5xhtqd6zSC88I1AT731WXH4/qxBVcdcDBfWhwQfNhoxQF9Wk+KAyYj+wJnTwZDSYeczr8uqm3wVDjUTP7nNPSGQgm7PB56siIXdyveFr2vdMfqwkfC5UNCTH3xY60anLSUqf7i1WLvsWi5xpeNDJyns2V1fnV5VKBVNBG4Wo/ivV4d/lmNQ5SEU06JHNUdXJkZL2ZmLe+as8XEnmc0eOAwg1NxA18zHEmNyWROx5mSUGliLPSjaFL3rjfnomiaklnKfL4Kqyweek3ntplkPw5O8tAUTVEya5nPH7PKFkTLQ2XUS1PumuiaMm2qK0+XEiPTOw355bMPT/PPmTcnQD1XKI6DvV8AluBGsAQ4Cw/j/Pv7JP9+FOffsOzVa/xYb3gtHmbvr5A9i26ceuvLB/a/eOiq6XDe88LN0/J/sE/omN60psFun9A+fcbanIP2Hnr9cNO4Az+9e/9rdzVPOPDKA3P2LUvWrNxz1YKDyxI1K/dhXwQ29CRolxMiilRvCPLmfZA3A3LHkBZMvrKPZRVBfDa2K0rM6BvFWOHShBfndGxpIsecrN/ySM96UPdgKO1UxENUeaQp0LhuWjj/cSquL7Ou354eF9HT7638+spk/plSroolXGb2+oU1s9Qsmz9hizcgAecPAec02NbGp5Gcfux4ShPTZvAPLUP1Wvy7QkdMCwFPX329OQvIn8Bqwy+Ki8UXkSTlerPEJIXDoySoxfCHT0+H4p4PFZ66iljGo2KaVc5gIjijQB744PkdX19XZ6ualbGWBX2aBXJp/pw2NK76mu50Q5lRL5GzjEiuUfwqkg3p8nuL5J4NBXzTNs2sXjq1SiN3VYwPv+1w0i87kn5D/neGYAavj0mDv2HKQJNmorlPo0Z6z4lQJpRROfFPRJEqeZrC+wnkEAbpswCWCf0Ud8I5iY2tsWDnzSuYUMe6NPEc1XJeKVcsm7DpgZaq1XOyelwplirkisTUVROCdWXmSOP8xfMnRurX3jYnvnBKpUbCMmBrZVzZ+DlJbzqgi05asGRBY5Sqhww+obE6dWqj2+SOWOQOn13jLnf4UmFvJD21rXHGtjllKqNVozL7rDavQWq2mTWOsMmXDPnClVNbgSN20IVVoAse5O5FIogB+kxqkaafqumzt8uJwhaSQ+zvS6TrH5b6rdJqBrH7CaecykGpEktEKWVoqUImYs7VVnzxQlFK4/ndDXhnQhjmPwhrOwIWK4YCONvbQ7K9fSfkoQ5Nh31oWTeMXNZXSuEiE3Y8uXXjkR3jFc7KYBgcoys7Ox5vrnFwrmQomnBy1He3P9hVl17zwH56fcFfDHz/6vk1dmfNrJl0R4nXBP6IHICfD6WOITP4juxxn1luNvbTe3JyzuzsMLGCey5kbkOJW7BQOC4mabxHIEka/TKr9k1Ij58S0rD5FznWWJNKVjs50b/Tn4mUzkx5RaVeysU0BjnDcEYd801/1IB3IKi/+C2j1Og5kcQY9cNanjn4a+YVdiMKgebeLeSYnD17msZ7NhP01pxc753CZcN2kaqskNqX9VPTczLLjOImgenHc6pmtklI9PE7TuL5gOOVWfJG4c8corSOXiVsoCFSMpmL0gKPU2qXa5hX5JaoyxOxclfdt3zN7Usi6dWHV87cPQ4X14NJh+Lz6rbq1NSYURednLGl0tUevlAlV3NtM+bNPtTXtuOZQ9PG11O/KpR4BzKTp6XmdVTVrr+6Uu2rITHB9YOf06eZn4MF7BaqJCF1P70qp0A2tdwtT8gZJSPH7+o4qhlCy6tz8lxsRkht9Ew3NvFJeBaTuXJFCywOvKMCghj5f3r7iJd1Eu0lymwk6a+YPg1xvVxqsLp0xrKKlENBaHcq5Lao21Nmlvsn1NY6lC6PhWMhCpsZiNvkEqlEGxhXPvBG4RUSs6fQ2lQ5MaRmJDK5wlgGGlNHn6EfFHOQz1ehymMya9Vp6ijoSgV1PKfRujdaZUzkcdOWyiOKbUwPXv8kkh7SBmwGvrQ8q2voB30Ji9sgqWgdN7kla/PmVjXEm4I4FXGGTLLnXdVue8TCycxhh73WT/9KpRFJOUl1RTI1t2vctJ55Ma+XMuIMkRHLJfkZgZCtrNruqimz+2JYjkvpF6n3WBeqQKE+nw2p+6mjOYVNfi68xac2ujYbexDPfDDUA+d12eEJgGSYq4Iojee+iHqPZuUSiVypVSotNpdWago6HSGT3J9I+kzhoE+nchokDCV6FiyqhGFFUp3blD8LsbAI404bVfCphwdkIolU5wGO//PgxzQCG2FEUeQ+A/atH8ytkb7jKY4N2ps1UwDJd39SMHCCzWAK/NSP3FP2j5TcGgM1sMopm8JdFYlk3EpW6a2ORms8SqWnJhqt9iqpRwvqz9ymNCjFEqVe+afZ0VqfWu2rjZZl/Wq1P4tjgVcHf029JeomuHkwbn9NcPvrpzhNGWAHxvfdn2jOj7S+zJD1HYHdM3Jz1OMtM8tsMkdVLJZ2yhSudDiUdiuV7nQonHYpqDUyJVZMpYx+Q6UH1BR61ReZYKVHpfJABJDB5wxgtotpp/+B3VHgmpEWIw55afFTUdYemqqZCly7AL7p4pujIlbogYiWKKiRfkFm9NnsfoPMorCXezzldnm+S2bw2+w+o5QyU7hzYoq5o1C+o54FDrIscDA/cXif0QjYzRr8tWipaPxQTNpLYtKjJCZtPKZeDjHppF525VeKSZdOOvji/lufv7Z20o3nyTn/sXP8ilz98gaviz97aMvOC9+YP+/wj3fg89y7f3RgwcGliYpFe69ecGBZvHzxXlgVVrBudaIk8oJPN3P99JE+pFVw/dS+PscydgXwbeACifxLExmJWBwiWwZqgvwWOSNdR/KrtEv1msmplTBSFUeZWLU15A7HrRIvpwbXLlMrGEkPZMexkM1v1kh6RWKGYqQcjtqz4JneLOXQk4RDTxIObec5dM1X5BDzZmZL375bjnaE01v79sI5kv9MX9GczcxMmnTxJjinTLRp5yv3Aode3rnzwj2YUzcsObC4PLpg30I4xyILMIfuQYg5KkqjOEo+jaL0kZxa69JyAMii1/mXRSH4ndgrbgHUKhveBWadxzEefutcLNUIOKZHYZyWVMCOQgosG6gGronx/pWPXzM7tWJaqlJgJlrC7lDCIn1dpubYdgcfDOEtnxzd0cOx2rKQxW1SS46LWAYHhtIvTpK9PzRaDFrnKOXpw4SnDxOeVvOZUPVXzYQc43af2nPD8c2V43c/fd2+E5vS+U/dNXOS1XNqHa7a2ZVVc2sctO3gT++aOfVrrxw89NM7Z0699cId626e5y1fdHDx2lvm+soXHwCeOkDrHKJEUese6vMSrdvb5+ADpAGyxfYyWldT0DoHLiQEIWg7abJpWFqi5N5TW51RdyhukXpkahmL36swmtVykT4asPqtWvFNMk5MahGYQzUQ4a+DCB9bDeCQiX4IOOSBpEyB7FTlMe0aSMYqR+eQ6LJaty7R/u3u5h1LJoS0ifaHNvU82BLOf6ELZcPYoOqDdaGyrFdFm274yZ1N/omtu++ef+AnX29qvvPlm7tum+eNLT6weAN/Bi7tAs3LieKgeRVY86476dKC0nF6XT91fZ+/A2uehi8TVhKGnb+QTaSvqHY1w9QuB4ZVMnCvRCkT49YLJ4124KJUyX0oNThjrlC5RfIoxOfsSnvALJOZA3Y7eDa6p01OmeJBk8ekFt/G4pdTYrn0iyNyUwgVbB0bRHhXDfDUSD8ATTd9P2idjZp/TH11oJ9a0MsuvJLWGUcxdjf+8ODNz+2qbbzxhzfe8uwuMHaehmX1jSvGO7382UHf9OC/H2lZ/Ngfv/PQ50+2LH3ss28rbzq+MZ7d8thWOFfUbv1BwdqxFtA7x9PgHw7nZGYtp+Ac+H1JA1m9F9IX/29MnZ/DL6/kYOp+sxWbuqDdb1ZLj4PnpxiJQoYKto7sE4ihFwtvOysGn3tKTTdDZGU4Rd+L0OAbOTm+RpSaQZ7T0CWH9IIEjfZCXI23XeZU6quDFugtvj5fMPQiC4fWZDsBxJ4xIKslZs/pYAqZh5LJKdpA0Xh4e/+fNy4MCh8YdbTdB6IS8YmYNyu3nDhw4xNrouktJ2648ck1YInlRnd5ra++uUJnSszIhMdVuPQS+rYHPz+6YtnffvatB/5Ezj9Yfvu6aTFddutjW249sSFmrWxqv75gkVkzrAthL0tOKYtSsgglDVOUjkrin+nKgHu5JMWgaD99uM9l4bT9g++dgE4tXj7X5WT+eVG1huJYDf6JdGHrCdDEL6XYhfNpnMiubImhFgrotOcs0QgVhWlKZsITfInhQMNXtvDDtLQs+e91CsyMolNQSbFTIHr3p9fBKQwOovH0KfoT9p9oiYgFHt4LPU6Iiu9j34ceMe4B/Rw/GKQ/oecQv+E7gwzUh9hvUB/mZHLrE+pd/ifYPaWLNzhC+JIRa5f+JLbo4JKWA/OCcF684sDc0E+NgYwnkPZoDIEqdyDt1Zxd+c3O2uy6b7SsuG99bbbz3rZZq7Mme93KxllttXBegaN352CSuo+eASvXCSuXejonJyv3946d7LWCvyBLl72Cv6Duk5kiLhdwa6fWqGBpsVz2OKswuK1Ov050XMJJcOVEQk+ok9JKl1Vv1SrE62gRTTFg5fDKTQz+K32I/uYQZ44TzhzHnPmOeq//u+wNVzJrl3DmkH9Gz5wFWyc7fNN75i7pabS9pLBE7NaQVaGyhax4Iy81ffbepZWVS/bMnHnd8nT18t0zapqTJmNiZvWE2RVac3ImcCY4+Dn1MH03cMaDOXMqpzBr93EUNmt72f2CWWu5rF0rMudhqTnidkWBOTqTQkSJOelREafzWF0BPWuQyCQkraJ+UisRcXar1qLj2DaapimaFYtAjxL0NfQh1g16ZABW3QQ9QXo/9TBrgx4j7kEatAYtFS0TzUISpEZm/D4OJVANakBT0Wy0CK1Ea9EmtAPtRW/muues65rfVbtzz7g9kc3byrd5VrUH2qXTmhRNKDdZNFmTzBgyXXu2tTdNzmQmN7Vv29MlcSxebnHM2HrNrGsad18/5frK9d3V3balK1wrdPMWmhbSdRPEE+RlcVX8muu7VyycEI9PWLii+/prJKE1q30hlLiQuKA1Q9xGPhC8Xai88oHCT+i+yhNYH/y+qky6Miyc9cLZLJwL30tGXI88j/xeYhp+HRwxfmE+5o1kJpO8Bx8+S6fSqQBu5Wsq4XMknUql6Xn4OGDDHfSB4r0DTyQzlZUBKpXJpKgf4i/zy/HxM3z3PbjFfAMOSbjK/zydTr0PF9R90FiIR7sWDtTZykTVwDRo3ZtMZmiPcFNeAo2P8GNvZ5KZODRAayz0K/Sf2I9osbQPvOAg2km/Rj/PfgDXJxC2A/PpF+gX2D+gLMr2xWJKZz91LKdG8mOa+LGIBsDiebaqnx48ZnmW7afzZDmWVGAvnq9MJFN6oQ6Bt0OJ8ZuMOMOvSxOpKlWTBB9Xovn8en669bbFM1pcagMn0qklOk7pDle60zMSptYVgUzIoeR0ErVOxBkgX66oCy+9vS0jmrfs/k3jvVqZ2uSxJj1SscSgUwYbl1Zt36/UGaRiqSdp9ZjVMplOLcusuZenkzEROk8W6d5CrvsJ3TvpV+m57AfIjuK9rKqfejKnNMhkyKD8W5bVip6wnAJitfTg0FuD8yWvXvFOApORr8liggsvD+i5etUfP+G0Wu6TcLYm6rFQ+9Q69t6Y9x5fJBTJv6pSK1X0i5D1YowW0C8wKvYPgNEpAcNXqFoiqTPkOkKfB0+Cr88WKZhMrp8t3C/yEYqeK1wzNvZDuD6H+PGfZ5rI+C8UvqefIPe/WLz+Bbl+iXCkDjRhFmjCJNT4VOz7acUjOh3+Ox0G87Q0DgBUav20tC6tM9d+b7yNDYEyHDM/BjoxOKwwH4vxu7eKJYA4U5Wp5kvy1VWZoTi/oCxFEy6iZ8Vmrh3vaaiJK5UaGcMpZL7MlHjduNT0hdNT5U1ttfZxmTC4VRElUUnd8TqfK2SWpWYsmpFiTk1oGe8WKzRymcbosYccBouhwuuLBUPZBROzC7IOqUonFyu0VkPIpdFrVCarwhfzB6qvBi64gAuHCRd+SLjSDVyTEy7/HeGKsH6QH9WeNNvx+1M79Qz1OJIhP/UUaI8L+IDEulPABzFeH6QUjf0V/96S1L34ujOQK2EKFSbsLIS9Q4ePMDJD0JMKidl/FXHmqC8UtylEv2fZcJUvYpYyzPdpDy7ocwbWrByYrVBJaFqiVtJHFWaxUVbIvQp4BsAL5HLmoFKlMoUUHMcEbOFg6Iwy7FYoxG78d1L0gCgILY03COmy6YuVFN7JbblQCUIkB8DYZBKEU9wfhH9oqRd+wMekw/THRfyS+XwFUBByFyiI+IECjn3je/MYfRHHO24t0kD3EhqkKmW+eQDvDBJsEvgwD2SOTX1GnTN0mvoFhOgW6p0+nU7u7afez2mQ3Og8tS94Z5AOBiWOUyqsgqFTEkEF+Y0dWf6tUOIieV1MViv+9WhhjQpiMJnCmRBZxdX6QoN+vrqsfOO0Vy0+n+WFw7dXVzTM+111QyyTTUcam7PN2Ubm2YblTqfN5qIfcdpWd1Zdbdau+FN56Il0/p1M+lwUZCDYHOCwB4VwPPM+wuryTp/MdkaJsbWfERewLY1pSrAzm0ySkhd1ppqu76w9jVH60fp70pnql0zVSyYlK8ctqrWL1mx8YHUFjw2Y+tvaqheN8+QDtvrlxLoRa4d8aFyvwd1PvZMzSCxqixpJDGf2ue500S6XSH+Gwzi5z4iGcbB0awxV3AJAzJuR7DoRjDlwDVu8LTpdvgMjSN2v0es1+Ysf6XT49c1HlFGnY1wVXh5Dd6LCc4+7wuzSinu9eF0J1g/Vo5l9dnvCBDge9yPkh3j/3Zwu4T6NzBozbTZnyrLPMNxbGYyq/u0yAdWB696wkN/htAhOSMP/2oe6xP+QPSZksfE7TMALDauduxhGxTuhUGp8oHrhBO/2tZ4y1XVqvV5NScxuXLhc0tb+4Iba+k3fXj1rC/Fa7HLeB2kU/tyy2mt3S6WHPeUxr8ueP6c1apUSW/Xae1aseqCrzkU8Fu9viHVHSmR+Bq7fQWIkh8XIEBdD8e8wi64EMKVqI7XZcKS2NkL/Vq3Vqul3VVqtCo8k+AXQMWevEp2GoayQdeSPmd4uWGPMkhITLNgarFvYCBcmuM9SPX+cIeq3ieQylUaqlHA+vc0eztZGmCeqF433iGVykdwTqvJBcsMFa2hKDR9Bt8APIR3OHNTUO8eQhCiS+i1Rcf4LF4crD2Y9HOjJoC2HLb6y6kw56AnjS/hBPc5hygZ+4OG5hH0aZPK5nMyHPCqp12sSY1uAkIb6xUmTV6JmuLCNaAPDkfnS6QbwStmi0U2neasrsJMRE5VgSjw1/zqwsD9E5AvUVoXOScLpyjL26VB1dTDs2eKKuUyyB74tM9oD1m0RnyADxcAfdAq1mlYPfEKu+3x+zhSw5OdRR6x+M+f3CZLGfhhVoWSfX2ZNnKYehbaeevSEVR01VTqxDRYhE2+D02BvBcwFnAvbzcMmg/ESnF2MOVQVyhR4ythizmazz2lTnxNLJWIRHcxUeyPOFdaA3aS8T6FVKaQUFazK+BilxwUZrZPawGkUCqkpZs6vV+l0KvqU2y01eCz5fzK57TaNQadxc1SXBj7YpwgRBGQXbmzPNNQvQQwW6pd9Uv1bvD17ix3Nngm/f6sEUxYqCQSZpsrWu1aceRqOK0+e/bv5Lcmryo3zVuKjqG31gxuy519ddf+G7PM/27E3MHFJ9XV7Ao3LiFUlcQt4Bx9K9rolWOOVGI2cHCndZ8RiueuMFodr8tJwbdgmD2MpH4dsLDH7T5TN3TmrKlxXGw44+2vWllU3/NAWiuvjqUn1on9pWDc98iERNTBKa3KunecKm2Tv5ZCAF8RP4LEyYMMCGq8c/9FWhMrwn2n1pjTY6mpNgdSp59SvqX+pZtRqffKMDUufRXpe+mQba2FHR5ps1y1Zt/wmlJGoE/+FN3QwQzT8QmwsC7gCBhkzxVxZ4cDE+CxvuGKa1q0zpk4oa+TY35mCSWuqvmYS/RspJxHhwvaRulT+14S2c04bTau6Wpo7bMHW+61GWuTw6SXHyL5wIT5CJuTpRSzQdELDiRRv6THDpTzDySaF88VNCjy+Q0aXPqzXnMRm5SkdfOgKjZ69pyIw8AMy9aJARdKDV74QdyEnCp5BJhAxXvDvHJPaFGStv8UIipYuKpq49PWh1lBq2xj5kw83714Qj1VlypsmXzUd7E2ZiPurR0Nzds2nzmNzk29YMrNpNvVjYlRplKLK6QbREvDcfmR5FlmZSUjNNCIvnFmmnij45eoPYuFtK93gntgxdUbbOKtrYse0mW311rtVrgpXQxofG5P0i6twUabzG8uFc/uiLY22W+5cuLnR/jWch1ENtEM0D7mQpVdhPguTc8gO0zNk+sqG9JBBxaqglYhJSCYkV8S4OuSq/G6lUs3dcJNeJ1fex/kCZcatnJLa6bFaPX4LLZ2nMIecTvkaqZiTD1xjw1pci07QFUznEOVxoLwBKI8D5bkvR3mFc0LrpKkrshbn+NbJU1dmzbepHGXO8Ul8zFXQ2nn7lyaSS/fOFs4LZ6yqNW3fPR0fgfIl6DytYNpA8rZjSoXpLMxuQxzMLyLzA+kXhjYjCrSPJF3BKfK3KxUq7tp9AbniTrnXFzFs5BSfOo0mh9NInbrKMN5qkS4GWyEbeMtE/s+3wUbWBjQrkeo0opmJSMkEEKbVWMVHOjjsFX2uU8m4wPLOreOe+Uej2umVGGN+I6IGH2UfF2nEaaRA0l4FixK4JImfKuDIfKzWuP/0plqjUYvTztDkmNWG9wgOnpIcoadIUxDzSntxAQykyniN3in0bQPbpKmDoPTf5oGaeVn4LX19CXzIA7P3UhAZRT8fDqxqVOgR4NwQiA9Kqkrg+6OD1E/gdR5kd5TAb3mQLxgVTl4ZOOdl4X4FKoGrBPibUeAT5aYR8OCo8H94UJlL4HbVH4dAPeUy8F0MGqcA3yuBf+ZBWz0qHPqvBZ33fwF85y8P9OwVYPEYjMH/EPjeMPjkLwcMjf8lcKfh9ZFg9BqvuwReNqkugRWm/pFglpinXwK/sdx0Cdxpuf8K8IE1dAXYYj1+CZy1vjQG/9PA9tZ/Cr+0fWSfb19ub7c/Yj8CcMJ+FuBF+wX7z+zv2v8J4KJjnWOzY6fjlTEYgzEYgzEYg/+94CwDuAPgdVcA4FsA59wUQMJ9l/tT96eeLMCNnj96y70bxmAMxmAMxmAMxmAMxmAMxmAMxmAMxmAMxmAMCDzu/eirgS/qax8VDhD4zhiMwRiMwRiMwRiMwRiMwRiMwRiMwRh8BTg6Bn/pQP6b6grah/DfA4APrSE9DPkbDCpyhds0koreFNoMiouOCm0RsoheEtostN8T2mJofyq0JegaViW0paiMPSy0Zcgj+YbQltPfLc7FoYWSp4S2ApVJFUJbqRJLq4W2CnWZxuFfk+EPJTU9KrQpJDEfFdo0Eln1QptBZvK/xyGCs8LKCW0W2mahLYa2X2hLUL01IbSlyGh6UmjLkMa6XmjLqTnFuTgUs+4W2gpktD4itJUSxnpKaKtQtecsYEKJ8J9P07EHhTbPZ77N85lv83zm2zyf+TbPZ77N85lv83zm2zyf+TbPZ77N85lv83zm2zyf+bZSZfF8IrR5Pv8AeVAlSqIUqoVWM+pEbWgr2oR64N8atA36JkFrK9pMjq3Q0wmtbhSHbyaiLgAPmgd9a9E6+K6HXHXAuQPuvgaO7XCnEk2D1mro6UA74I7ZMFoHjDEf7SItD2qCkXfBuNvJjF3QWksw8cC/TXDPLni2MIeniHMSpfFfhShe1aByMn8rjLAZ7vXAvK0wDx6jDW0Q7p0BV+ugF3+7HfDrKdIzH/o7CQ1dl8VnDeGDBzXCNf6/5HFvK+HCcBr5cTYJlHrILNvh2zZCb4G7O+DZraRnO9zVTrjmgf51pK8ZTQecMHc6yXPdhK/15PkOckcH2ghzYi63k6NHwKhwr4f09xCZdgIuBekN0YG/3wZYdMKTPcCFSYSaTkJJZ5GOVvi3EZ7gMeTpaSVzeARZd8KIeNRWuA+PtQuudkBrG5FDD9C3GtpdBKethBeY3k44rhU4xY+6jdDEz9lNKGojmHaTWXqInKYTqayBHqyP2wkHe8i4HYIsOglNPC96iFb0wKitgr5iiW0W+guzbIRxugh/NgtYdkPPRjIrP2YP4dQQBnjGzYQWfm0UeMvj3kW0BmvCOkFzMVYb4d5WmH8bueomsi7oNc8zfhZejt0CXZsIb1eTO4cwLqUIc20neY6negNcx8naLZVmmIy2kYywi/Bhu7BKS/ld0L5uQZMx/bxcthJtKOhoB5E11tzNRWp4HNcK9/TA1W5h9G1ABS+ha4pSaiU6glfAxmF0FSxPG2DSSuZvE+aPj2Kh6i6hE6/OTXDdjhYKWlPQ+moYoRJg+P0Vxfsvr/3bCB7tRDsxThuKchlarZfazrWCrm8u3o21mdeCbri/g+jT/xsbLB+zwv/fWOEmwKQNRcjKiwrfe9BUohWbCGbbADaD7icAdhCIE8s7XHPigr4loL2L6M9aokFYLrugF6+rNQQXrDfDR+0iOGAMhu4ojDeajvYQPd9MaOe5UHgOS3UJ4TxvfXYRTvOc2VaUduHugq1oE+w5XvnlhAf4vs2CVpTa7s2Er92CzeBH6RCuWwU73UGsTCehkMduNcGjIOWREtsmPMHrz9ZLetYUaSj/UpaA9xTthKfbBI/Er09+3vLiPCMp4C3rDsKnNrKeRuPZDoHSTrLSusia4lf+pbzHz/DeJgL3R4dp8Oij8zj8ubwtXR+8x/cIPnsbkVzbMN85koIhTzkSr/oSHcCU8LTwEUTBVm4tRiPtxB93EzvSellKed1rHaZVvD3YJBx5qvj2drJeePvUTnxbp2Bb+HHwnV3E+l9eR3kr3i1IZmj0wgrpLIk01hF71ynwGVt1JbGXHQINhaijwOXhWl1OJNNK2u2oEHONtHMjV0JkhF3oIHZ6B4kyOon0sVRboQ9zaC2xR/x3CWHMlSNsZ1RYvUPWYihCKGDzVbzTl/QGHseIMZoKY3icRW1eD328nApaw0csXYIXGdLuK3m4glZe3sthyc0prpyekhiFlzevBR3CXLzV7hbkXk5o3ip4n0JcwcdKawU5F/SY16vNQhzEz7CJxOKthM6CprSiIS8/0p79N8iiyKFWQjvmW6dg69uFtdomxN/dBNdSn9lJIvQeopsCjpeXLbSvHu7nQdrREh61l2QNpevhS4+HhjKdwt2jW7fyEdatwPuRT3eRTKFzBN0FvIZisKFVM+SJCjIsR4WMDWdmheuOEg3ZTHKyLqJv60o8LI/1aoJLh+CpthdlWWpLeBkmBIn3kFXSVcShsK6H69KX52qph+epLPU0w3V6iBM7CB83/plyLHiD7STj5DnTUYJBOzniOYf4sh7uaCvxHduuYI95y99OKCh4vLphVrwVRvyPdr4DrIms+3smBdKwLOiiUkZRQWlDE1BAEYJEaQYEy6qEECACSUyCgDVgX7urgroq2F0ruq7u2oIgoNgruzbsDVZsKyoL/3MnCQTX3df/93z7vN/3PM4VMred3zm/c+65M5lBOZVxPn3VLaP2CMMuY3zPZtgnPpVTWs9SUblC56sEvd2f3nNFf+NRZbP1KipKZZR03Sr6693w/2kEGPa3UIxP9UZiIVCLg91SSLUIoI2ALCqEnlioBUNrMLTYw4hofb895ak4ah8KhXHDqD1OJ0MIvyOgPoLKcSEYQdVRbQiMjwBZaC4fG05h8EFaNDVSSMkOh9Yw+OTrx6EZQdAyDOrofBCVBXV4ETBLdw8h0O+JOk1joJ1otrC1VgIK0aBZONSEID9U3xsIsgWUPKQ/wg+hziOa9QzRaxpIcYQkI5lBoFEYVUOtw+AzCsZFU/iBlM06bSMoG0KgX2cLn9IAIbvobdWNQ/zE6nuQj5B+YVBarAqkOAiltGnhLwg+o0BzJH8Q9MZQO0QkzAymLI2m2OPrOUPWhlG1Fqt0ngqirEGsIg6C4TwcfgY1cyekfut0ERpJa81dHNXfMkpnX6D+dxDFXCRV03kjiKrFUL5CvU56XwopOz5GjaMikU+NCqQsjm6OkBAqenXaG6JThxFppIkOD/nWWBdDVBP/sEZ0Ugz9w/Se/isviPVAihOkV3Qz8t9JRmvz/9ZdaMv9pSuVf9C3iLpv41yo6wMFlrWNcCfdfIhwqVgpV8mT1ESQXKmQK0VqqVzmQgSmpRFCaXKKWkUIJSqJcoIk0cUsVJKglGQSkQqJLCZbISHCRNnyDDWRJk+WigmxXJGtRDMIJJn0IHqiD28nQihKU6QQoSKZWC5OhdbB8hQZEZqRqEI4MSlSFZFmLCdJriQGShPSpGJRGqFHhDFyACVU8gylWEIgdTNFSgmRIUuUKAl1ioQIF8QQYVKxRKaS9CNUEgkhSU+QJCZKEok0XSuRKFGJlVIFMo/CSJSoRdI0lUuQKE2aoJQiDBGRLgeBgCOSqUCKUppEJInSpWnZRKZUnUKoMhLUaRJCKQdcqSwZlIKhakk6zJQlAgFKmUSpciEEaiJJIlJnKCUqQikBK6RqwBCrnAhVugh4FYsUcI6mpGekqaUKECnLSJcoYaRKoqYEqAiFUg7eQNqC9LQ0eSaRAuQS0nSFSKwmpDJCjbgGzWAK2CgDLHkSkSBNpgTrgNSSLDVMlqZKXAi9mfYqIl0kyybEGeBSnd6IPhmQrBSBLUqpCjEqEaUTGQoEAxKToUUlnQjD1XIwaAIySUSAA9J1WCh4xCkiJSgmUbo0B1RfAyYxUJ6WGAvUIOr7uLi769udUXsr+tVKUaIkXaRMRbZQbm2OzmRgXYGaxXKgQCaVqFzCMsQOIlUv8CQxSCmXq1PUakVfV9fMzEyXdMM8Fxjuqs5WyJOVIkVKtqtYnSSXqVX6oWkZYpGKakDjWsBUGQpFmhSCB/W5ECPkGcBaNpEBYaRGAYuaERlicK9a4kQkSlUKCGKdUxVKKfSKYYgEPkXgSokyXapWg7iEbMoqQ0gCXRA7cqXhJAkhOP3VdoiFxAyx2gmF5ASY64TmGADAR5kpUnGKkWaZACqVidMyIP5btJfLIFocpL10S8NoOEj4J211KwniHXyvUiulYl1QGgCoWDTI6kcx4CAFFFgXKJ0o0epJlGfK0uSixNbsiXRUQXSBOeA+dJKhVkAmSJQgM9GYFEmaojWjkJsgfnXDkUOk1FpJkSZI1ShHmcWAyklytGKQynqqnYgEkQp0lcuas4XBCQ76WJDIXDKlqVKFJFEqcpErk11RzRVGjtXnlV7gXiosqHWAxHw6EX4qgV3UjwhDIy4hmsfJwSZEDaynNEhuFN2tUyWislWyNDOLQs5RUQsJ7AYKJDALQhuYSXQikpSQ+NASgcWYDDYjjoEr8ChMJ+QJkPBkiBQRlawNcfb5ViCFRCqVXCwVofhIlIshbcnUIl1OlaYBMw5IYitriWh9tr7Ui9IokcqIOj98chyVa1GzUbg56cMNaW/oTpNCnOqwkSylbrcCBGoRIQudUD6XJqFPCUWIIgMMUqVQCxZEJ2SgxatCjfooAQtdwXCVBKVpuUKqy6p/q6puwQOkbtHomaaUyEyRp/+DjWgZZChloIyEEpAohzxK6TJOIlYbAqwljiH4E6XUwuurC3FRgnyCxGjTlcnVaMnoErpUv4x1kaLvUqWgPSFB0mrliowMVSJ4lRqCSQouat59/okAtN5C+UR0ZEhMXKCQTwiiiShhZKwgmB9M2AdGQ93eiYgTxIRGDoshYIQwMCJmBBEZQgRGjCCGCCKCnQj+8CghPzqaiBQSgvCoMAEf2gQRQWHDggURg4iBMC8iEvZ2AaxEEBoTSSBAvSgBPxoJC+cLg0KhGjhQECaIGeFEhAhiIpDMEBAaSEQFCmMEQcPCAoVE1DBhVGQ0H+CDQWyEICJECCj8cH5EDGy7EdBG8GOhQkSHBoaFUVCBw0B7IaVfUGTUCKFgUGgMERoZFsyHxoF80CxwYBhfBwVGBYUFCsKdiODA8MBBfGpWJEgRUsP02sWF8qkmwAuEf0ExgsgIZEZQZESMEKpOYKUwpnlqnCCa70QECgXRiJAQYSSIR3TCjEhKCMyL4OukIKqJVh6BIag+LJrfokswPzAMZEWjycaDXcw+Zwul9kvXREmSCK5eXEQqRdaXhxdfHl78L7j98vDi33t4waF+vjzA+P/zAYbOe18eYnx5iPHlIcaXhxgfZ/MvDzJaP8gwsPPlYcaXhxlfHmb8v/cwg2P42wg4miyxWdinDpr+rwkw3AE+NZjh7w7+7mAwbHk8HMbgWz93vJkZGk/7bPlt21LjP1t+u3ZoPP2z5bdvT43/bPnm5jCeQX+Lob+uYFDjGfDTmfrdHoj+Cs4tIZVZYZ5YT3CAPbjGFRsFW0gKFgDJNBjLBZfkQdraCA4qwkZiR7ExWCUk8yoY8QAS8Uu8M9aEz8d59MH41/Q8vDu9Bnei1+K+9Ld4CKgY1Rofj/mX8M0A3xLwewK+C+D3A/xQwBO2xqdtNsL/GvB7AL4H4AcCfiTgjwb8VMDPBvzZgL8c8HcA/i+AXwH4VwH/PuC/xFJAnApvg3fGewC+J+APAPxIwB8O+EmArwb8qa3xGd2N8DsBvgPgewN+COAPA3x0+YO28FzAXwL4BYD/M+BfBPxngP8eG4OzsUTcEvDtAb8P4EcC/ljATwX8SYA/A/C/A/z1gL+rNT7zohF+F8B3BPx+gB8L+EmAPwHwlwB+IeAXAX4x4N8A/LdYHP4VNhLvBvjugD8Q8IWAnw74cwB/JeBvBvwDgK8F/POAXw34Na3xTY8a4VsDfl/AjwN8NeDPBPwVgL8PWksB/wrgP8T4OB0bgkNSwv0BPwLwUwF/MuAvAPwfAL8c8H8F/EeA/45eQ6PTa2kW9Le0HuBvN5QnWKZNLFNLS7/uSVOTklgmUK8/fRr+na5nMTGWiaJCC0eFgmWKsVj1p8vg0PfUa7XwT9uqoqWGTT6u1Z4tK5vMomEsulZ/sOgYixGvO7QsBsZi6jvqWGyMxSnW3IPyVnNFc1NzEgolqOzhw6tXz54t00kto47JFF5dVVVVHZJqULgKNDYoXJdlma9APSYNpO7QSTMIQHNgeGhWFvSgOZaWWSCvKsuEjpkwqnXq0nAWgzrDtFo6HWcxCwoKdABV1KEDIBV7kPwGJg1j0wdoBwwYQEH5+KSlpTWWlbFMcCM+USWrFMkszUIVFmrWMY0b84kb8YmGoTk3Tp/+iE+gkKE3r5qao++oZ7FxFvevfOIsdgufUGnmU6/j6Xo93ufwidTSKX86y0AumOzjwzbB2KY8Hm8y6ppswsBMmHWUWmwaztYRSjHKxNgmwCLliyyDIFRpZpSOcejx1RAtbDbGZlvBOugDRQxlGlasKdawTXA2xSD1wzaFml8CJT/BD9XYumiFcEUjTRu0OkobWtW0bBbO5gSItNpzJSXiACMlUR8DYzNJA8dsJs42cKytZ3Nxtlk1HC+qL8Rfh3Iq/iwUSlzJvVeXrleeKy+han5JJehI8mtWmGK6RX1ENRJuClRXK3yAa4pEA9ekTmaJQQpiA9kvprhAnCBuOCY4h2Xg/fRkUwZuqidey6HhHMNiA+oZTJxjiiKYQskyeJGq6cmn2OcyKPY5HIzD4WE2UDygiDTToFBiTXEOuwGCHP00NqAqy2/qXdR1d6ofh4VzOA2N5UjpcuhF6jUA6/VgewNVNTVUQRQaHDDtjvbcuZJ70wKQwi1e0HIYGKfZDXXV1FxDH4ji4Zw21Yo6OH7dg8o58hxZBoXDxjncO5oXUH6FcgZKOZQSDdURAFF0T1OsL/c00yCnNlsE5rQyENxUVkaZkNVQqq2fzJvfkMVhYRxWU5Ol/qBM0DvpEZjPxjgfeUnnJ64pzmWbwDGBwplgysRNTaooFrRcGs41OErvKS7lKY4pYE1u1C3YxsmUJmRdnc5VDaZ0jKfzVXw8l41xOYa10odaK7rVUqzhsnAuR+cv0LGxAdXZiHR03JkWwGXjXG4j1oSVNNNSDGw1YY2U0qzGRkQ3jG1s5JpAnTqnfmmpqf2xaZpqDeiNndOcg6l3IE76Y61sQkOZGNfEQFp+vQKJavYmiOOa4dy21T7VPnVZdVRSPpN/Jv9cfrlluSWF0uLQk0Yu5XJwLg8pcMcI6o6WUgAR3uJUbTMNZQ0NZWUlJZQtyK3VWVbIr1wWxjXyqw61WNO66OKFy4F/SKZIg4oHtUDQQuFhPFOc1+Jm8DOVoavqqynNeDQarzmV6D3NozxNaWvwNLiaa0Ljsg2uRr5mNJkx9KuUx8V4vDZYG7hWQcVN46aZpp2mjdfCv3geB+dxm7AmvcJGZ3DOY+M8ji3QFU/5y1DiwWO2GJrJa6TGG5GpRTMbdXahSDCEwkcNYBuabguaxA9AMsu15VRzPGhmq+HRcJ5xNGh5TIzXHA4oHpA8Vks/ALTBee2rraqt6vzq/KrSqtJQtiqfXz6/hFfC43Fxnll1fB2Uqvgb8afjy+LL40vii6uLq7XVVCdYqWfEUChNMB4LKKDyU7kuLhAnuvCnSiPWgJVRZ4g0ykq/qcchSPzamMxqyOKxgESjKLGkzNb+5dDFIPIUV4eNCvKUzmfIe2Ys3IxDh6PftEcoeUzrR20GhljRmtFoZi3BgqKFycTNWNRFCGWF39RHzXmHarDMqs/XadXUZMrA2jD1AYMZ3Reh+ypaYposWX/eTaU7H4zOA5WiBCciUJkucyKCspVpTsQgpSTViXpjwYkIE6ll/3kEhYVTePBjvRY+LXTQ1ivIXOulJuzes0JnvTXDTWkFudbToWkaDcfduCTbhOnYhk7rzMRIkQnH0QRn4LneNJxREE0OJZ2MWqzW22isMD+qRFLfjMmp76rRN6kBqJBdjYQxLC7i1144jbFa59g11+L6xvjKw35ZjwtyLWPIXMZxMpf+QwGdhtNo5h6gYjG7nhZ4KPyHG5TCxaRZs7Y4E/TKpNSkD2OYmNOGRbuZk+1RhWXOiROpUqSyZLVc5taObIMaTc1NhZLEdLks0c2GtEItHPMOn3w90K0raYv66eaWLf0x0nSJc7RalK4gooICSZuvzdz6kL6kt5u3l48XORKqPkZVMmfvv6IZj+Sgfq45PTAyyM2e7KGr2ciCpAr0xlBwNJ/gR0f0dXPnezt7kH08nfu4ubm79SDtdAZZfdKgaN17V2Qu3s2YYJyJ0XPxthi0c2i5cJO+Jcj2XV6vyScH7vCxP5Q7K0fwU6fghKdbOzlqto57caHB50wfx4fXlvrizDOPywa+tGpgei+O2cSw/KPIpJJ+YcC1EfvuLRlZFnPfU7z9aZKFZupLMT3v/OM2tpE2U6zfD57H8Xxy5h7HbcFZiz05+7/zXCnQVAzdabanc+SDaQ+XTQqL67i+4+4dl/jt2123OCK6ZfZWaj6hq0voec/Q0Ktj3i8ccOTRiNTqIZiblPnY3tZeJJu7baGlb8HUc2e7VsVvu5hoe+XH+D8L3jpPKq981PntmbbPX8Sed+7tk5nUr8KjYOiW+bnc6cNjujdYvOzWjjdPku/c+Y2dz+URWy6PmHgBf3zDdlFll/braHRYRhtycTYwwiStgVLrNoyODIsHyX2Gjd3zTnhix5CrMq9jc/ru5O+mQsjajmFJdtRY2HnW/yoMUXBqB3yY8GGf454Sr31tyRg0wJYRTg4hBQWDCvizgvSvJ4iVaR+9nqBIlaJWV/2bcirXZjciL1JOhKB0gSHkcBMWrEsm0xTHGWHkYDLUUCdps/z+9v0HCkCi/AfJatIc6duDgUJQL5LO+mg90lGUePpwe6lTip+fOfu726236pr2PxUpN916yMrBine39cYT1GvWZMfRXjtkHpwhsPMa8eZZ/eut1fQJYwYMGWizcsaIm539A2vG3vUhljGvrX4SkF50X/Rq5a222zp28a0vnnhk4bbhNhU2Uvbsfl4+2W92RAd6zYy4Fn/n4B+Wu5s+OEzP/s17ot3ZrRXnfqkdHftyyOHBZY/6+xcw+lp2vXP/zMaVnJl/vHde67qEe/O2efuMp719X8z+Pnj8pVcmD5IPZIQeKt0w4sbexifRp62OLmg/ZLzfuk7s/X9Ix+xMJqeMPnRFsnpm3/hShst015THr3zMbAcRYe+PdLCsmH3t0oXxhVOl7S6Xna3kVJC5JjhksSdGWaz0ydz6iTlRT5qoLFZqzBpchpFT/5Vc4UD21C16W+P+RAkRLU2m3pMDx6KXpN2oZOZN+kCmIKF46pJZS5VU/yv66fvpf9P/H7PRnG8Pdi8xXbRKk92hoWd8g3KO0/vXG/LmrAg5sKFy7FzXvh4uNkuy3k/eZpuL759Y2fkw/VTIsxMr335gWL+cyWnqJit8mex/wt7ygYPtG8ayQHHNvV86zK81X+V1y0cRI+9Xs5PPJgXFRxeRK3mVE06+VS3vmHlh3qFl5ayZRK3NVq8X449Xq7Eh3168seTZ1azGBe93xs/xP/Kz7a6EvGMnZhQt3nV1t+OlmA9ev50Zv/ShTVPN+NTKaawJ6up2Q0Mvv8AqQsM2mHo9GGH25+TvKx6OvDfzzdVVbW0Xbr4/4+viq6fWWePlf4ZuMV/qkdc11L3+ePf12N6j0aemy3qNynnuI9O8OlRjzn1myEYaYGSyLt30QOmmeWMOY+HNK5VulK4qrybMOBfv+7Qp+fg3FysObT9QYp5PClF3ewbkoo2DSL6bGcnVbS2M8MgooZsn6Y6qTHNHdw+SdHN3FPuQngleEpGzp2+Cp7Onu4ePs49HH3fnRB8vtySRu7uXZ5K4VQoMlSU+iGJeyv3ha2/vbvvTt57KoC3/+xT4yQwlV6ioLAjhAnEMUQwBjOJ3LPrlTHo7kz5UChQZpcBhJFysGKVA/n8EMGTBf4BQkzykuDmONzFoJPbRcqbn0nDMpKPt9bjjURV2keuHZl2rrf/zzJEr2hfvusTWRldIBzGvlFbW3G1YOWr52PY+Dlom37x6Vfacw0nbrx96Rhtmd8DfLiswfVf9C2zkspXfWp1mLz+/yiqY3LapY/kvg0a9cfSct27RcO+SCKvd3U61O1OV226bV92ubhWLum/OmXfb3up+kvXcAJemOHp4sWx6gfuzH/e5RsWONinqML/CWnxAxbt3dWLPtr1X8Le4Tw9YERAnyLSb21jUrvzbB6wOQ084jnQb5TtuxdaNc1JXOMhflO56eoT/9emEiJz9MZ0HLczflK6V2ZfV29tW1BLbuEUvznJXLbs7bo10emGfa+lE48wrTSUH8/qwG/0tivMttmlnnX6eW7x9WPcgy/2hM7NmnX93cU3/Tr9azH20YF1K9zkp/baVayJ6PmJ1DRP/+f13HcI99sfGR14b/LPPwiaXm0VjNwalnsw6V3QoddH0tNnKH55u+rDuZuervg2JJ9MDWA8mTy/aeXjDL5POrYjdOHF45VeDEi52fd7gV+rGfesakLjJWx4f1f9A8OLIAu68o1OH/1GePFt0fW1+acX8SvmgO1qXZbVFf+wh02vGCbY+WTGh4girtLHfm10qb5O9sec6XT70Ztmp2VYvNePwyJ+65Kj2XRrVrX/f4Za35/yeXCrY4nqjxzz/MedrPIOXWB9ewpuQG/C8tMq5kEFbGPru+U3aOfp62ARMYRN4rtsEOKKOKZ5U7rf6+Ap2LJVOOeylPed+99IpEe/UkQ7R6NaJ/LpVI7s5WCEMHXV5s3tL3hTK5ZA8IXSlSVKxSC0hAjPUKXKlVJ2NkjvpTXqSHm7uXh6kLyR3dzeq6kGi6n/vEvo/5fd1hWlFt6+HLu09OdWl050jd++dWDnULmrn2ZuWEd3b/n5hy4WwnWqSaP/M9ErM8g6CZV0GLt2V/w3Z8zcs9fGkIzVzTdu+bcPIr5t72rbSo/vsNS9fJ1s5NUx6NMf66aOIDYXFdtGnFrznn2OfH7P7/J6BjPXvNqd9l3zN4UZI9J5Z5x84hLjY75gVOUzIu093+jBu8WJSNvvVCHLN+6lX8/Y97po3tf6i+SvWgeh04Y/8xetCscGDktrb90ramnf/kknO4PXvZmxpP8iCnbtuRu2wrEZ8lXUUaybWjgypPXDLLuRQqXPMut02WYFumadX3+43/btCEW2/tVlRw9vVe/Gz3YbENL1jlhwnuIb8vh0Y2UK2bc44TJIOH0b5/JNXlyh9W7dlMCD+ZpHtTNj6PaEDjlowMidfl5tzFpM5CzQWbXbkxg+Itc970MO8ofcdTvTyEfc3Foo3iv718Mxtl72zY+Hggk07w1TDX5uau0jIKN2mICBhHyoIKgic1f/zr4ubu9EfzKBUTm0IMUYbQigZQgYbbQg+/5trYmRHkE7qZ14PA9ft8r4t+YYe3Ofmkx93Zl4/mz00HC9yUY8flc4z33726KRFB10uf7V+fnrCwThaZQRhHrXy5sQBd+MO7R6+yuqONT5rx6Gsl/PO1/TDf797dBGHWbEg9G5ddIebkduX3n+0YNwVTfHDZS9NXGfSnyzp3b2b4sMfDfezVrqYvTW9qzhsGbFmYSpHufxgoe/3yc4nhrZ5mvBN/47584j+d007u7877TZ4gpu/o5Jb8VTh3zSTY377OEe0sO7awa+fRcybdsLLccyGY88OT+EOnHQ5Wtn1d/LUoSzJN6PwrzkWbS7+ZpH/xu/npOH7nF0fvZs56/TQ2MdrFMvSdviGXf4j+9gPlhMTej1fv7qXp0lm54ST/jbptrl13HKnQ+eC9j14VzNl/72NW9VeByNOjLf7qucErp9w/viRIUEWh/ft2xOeXLFuYJMmu6tmbQcy6fHAr8Z0rljbrev5oCeOTw69Dj3tdLnKXRPWs3do97Ejn8Y+33xr5ZpTfeVHcuzVJu1/n9D12OrcYvuYn4rG+c8tnCD6UVZovvnYD4PqvpL/+a172t7G20Mr5tudTDqyxnr2V4k0f+fdIxYdvN/1wf49p8Q/ZsUwLwe6RO1YtmdT1vZ9BSsyOv+6dLZ5RjdX960sWcGo+T2OFTyfcarr1Wc2kSdX/S6ofotL5HO5UyqkFQ9lT7fknXXr1dTmxKhvqsK7FFa9d13b32VYx9ST5hv+JHNNJ5K5zATDVtBm8UVqK6B/fBuQM+dfScXuJKlbkL0+Z0G23BG4wbbh4056+eo2jT5U1Y1E1f/6HUsu7a97Bw3tHTTYO2DNba97r2xn5bKzSvZDbrtwz19e/jS867qBXXqnPhkZ9cNBE5/ODMEv00p4Nje9U8u+quLW+RxfabKnwvcKbuE28NJcs+zE2VOXxXdP271W8P2TlDEXb6+O3stxKtn96zbHXRPZu6+tGHEqvjPzSdKEx+7Cnl+5PtrOijq3L/jA6KpSF3rG9pRXlemv+n5T2PF1yC/VPok7ZIleWZsLxG2dLw34rv7eLVOzK99kbxL0emR2tMA88+gy/+cf7jmObGcbHuuwfqKy+qu+BwRjqmprg5ZM/3XS3kmzuvwaUDR/9OO5kTM6vyx0HXF/cT/nXR7DTxwIaHS/tI/uX7R391KfqRfXaJzeRMQu6erVo8RXljgt+pfv2+7sZDej8vUv9FkL3o6tOy88Nn/Z7MParuoeYy0dfjpt7+DTI993cJ9zk4uW7rKy27ItqUZkO+6Og2DN2Dl3e4y+1HVIgLB0f1z/7vS6CxNHuV6xu6cY3XZoSOa+euzO4R203LHXtR32HelyediQR76FbZ/YCQ5bHgyezL9fXKKcWK181P32sZCVJ54ft4q7Pn1BTbiA3LJ94e2aUet2N9zck3S3OC9nUu3V2iGPBL22mDts3jIlWfPw24SssXtdZ1yL+/6bY5kODi9q00scFjktGuAdWXxnZvDcUnbYicubglzVy9/K6rOI4U7mo+OXrwqI9Jjx2545X99aG/F6xZ7DIQVp+Rerr86Z37x31sLe+eQT21/L5vnJ+5JOzRMsaAyeDQeLpt74C8ICW++rf9mUje94lM59aW6Lg362YEbcebql3O2C3VxPcqRuc0PfoEYWhBcMmSX4X33pA+sWVi0s1uabkrGkx1h3d2qbG2O0zQnJKDLCaJsb+Hnb3D/IV5M565DyBCMnj8xZRuYsaSbJhU7mTCf7G+BoeEeP/3SblSgXq8AyabpImS1WqFxS1OnkgGYBNNLTxp2wxsIwCZZMvVw5lnq5UvcybjbUVPrXhCXNL0u7ENafuhFLfjlrU351THZnl0tV6uRuq7kr2t8RL105cMWUi9m8xcWSsS5OAfUlygvp0xuP9n/MOdXv2KBtG15Jr4uPdfPalDdaMmPxlHkhUcOqeEsnX+w8xOqV38B5wvN7/ky9F2Dq0mv1Q/8umy7vt85c5nv3SeLJYP+siXavzKdsXqyevuB1ZU9aSO/j37Y7tHEbk7e6NuV9isvygt79e6cOF4ht2VLZyPwV96e/1i56FeJ4q6Hf+SNez2U9dj3YbV97/uarNrtXOuTlh7fx575kzb1qW+JuebfuhPPZUWt/FPhyyjjHy3buerD31+sd5gzlD/dxH2/feVrRa/v6W059CWn+3hFzU2TyLQfUJQOYJpvx3g4Buf3Nw5O42n3hb+4smmYl7zCFv2XCgwG9JRtKRgsTZpVYi/vkzbr926v6lx0LV9nfObMp7/zvo8WB90aZfj87wCTT5IJJUYatxVGRaH/djbIujKO3A8vbOPx+S+Jak/dH4TcrqrCrhSFHRrzK28QeEtpupcb2PNbrRNHqTf35mTZeZRfXr183cWK396HLbbd/GGSnebO2/ljqgSF5d59lZHWueeq9MttySNPVfXYpGQ93v2+Y94yreSrtt7uBrGWELbx9OyNdvMT/wprYiMhjmrhuhVnt3btOfB7IKer/YevpjaOLC+esjhsfGxHK1w48uXrCKI4mNPXP7HXFR9LTx50UqszNJkadcctl7CFzGTtoOE7mLP9vb1yf/jqw5dlIQU4pSj76IGbT3XjGD15Ai5Ya160NadzbgbRrmchwg9Q29+amZXvOVk4MUq/4Y92HprHPr3ZqSyYaTeG5xZIxBb01Dp/8G66Yv/7XC4U9Nd3/dmXHNP8NHfHR3szIxTFbi2VCzzFq7uFFoo01T9cmvhnLtOn7PXPSg+gznlP7yX9/or5Z65RhW9v3UUWYoDzKdWO38LOmA1ISbzTwajr6zq3270g/o9mqJtUZ2rzAvsfrtz6d8epQcccVS/C+wZdHL628Pv3m8RepY7IDz0UWZY3bQvNf1+2HDT+bvLUv2lrlzppc8PuHwd0la38cLfWdsu2RX03fSds20RULZlT7nva9Vnr+9b6pbTaOyrr2Y7vgDz3ueF54OXLCj3me1vn+s8Rfv596qHPHKVO9H4z7+RJzcaP3/fAaUfS1sUzh+ge+Y7Qn9nKtvxNH7v/50Svs3dOy2Mz78/94/b26eyf7365vWG+x837lhu2aMfTYwlyaA1yedG/xkYlbLq0DNLWnQnPhf+1G/NMP2oxicjRpaRyS3JYHhjiAN/cw3dpSXxx7kN7uHu59PD1G/iUiTTwGPl7s/0B7Lfawx7Jkvu0u6dbFH90yoVgZLAtIlYzq2X3dwRNRB/Ho434Re451v9uwPP1sRnV4siI0cnjNySFJ47+vHfXtG9voMjMPjmZR0qsx43skBI8cvEQS2+PIiwCrKy7MXdl+jhcdn6/fp0gNys7Fiqc6O7bt0O/BNtLMxcM18mCbKXv3WuNWHgmu4sz8aXG0H2QHr877hn6l3P7EMMY7B9Mf80d14pQ+87Vhd9rnND9cmj9u3VbvSsfJ5w7Z2liylwx2szpx6afel2rPEqsf7bRZ7tyt4e2vtVPt0keYp43bXtFjpVWHmDPfLpedKeArl93wGzKt9HBqo2m/C31ecVjfPR068GTbIU1vex576heVvHnSohUP5ztO9NzOcSl1nIlh/wMGzIftDQplbmRzdHJlYW0NCmVuZG9iag0KMjIgMCBvYmoNCjw8L1R5cGUvTWV0YWRhdGEvU3VidHlwZS9YTUwvTGVuZ3RoIDMwMzM+Pg0Kc3RyZWFtDQo8P3hwYWNrZXQgYmVnaW49Iu+7vyIgaWQ9Ilc1TTBNcENlaGlIenJlU3pOVGN6a2M5ZCI/Pjx4OnhtcG1ldGEgeG1sbnM6eD0iYWRvYmU6bnM6bWV0YS8iIHg6eG1wdGs9IjMuMS03MDEiPgo8cmRmOlJERiB4bWxuczpyZGY9Imh0dHA6Ly93d3cudzMub3JnLzE5OTkvMDIvMjItcmRmLXN5bnRheC1ucyMiPgo8cmRmOkRlc2NyaXB0aW9uIHJkZjphYm91dD0iIiAgeG1sbnM6cGRmPSJodHRwOi8vbnMuYWRvYmUuY29tL3BkZi8xLjMvIj4KPC9yZGY6RGVzY3JpcHRpb24+CjxyZGY6RGVzY3JpcHRpb24gcmRmOmFib3V0PSIiICB4bWxuczpkYz0iaHR0cDovL3B1cmwub3JnL2RjL2VsZW1lbnRzLzEuMS8iPgo8ZGM6Y3JlYXRvcj48cmRmOlNlcT48cmRmOmxpPkZyZWRlcmljbyBEb3MgU2FudG9zIEZlcnJlaXJhIERlIEFuZHJhZGU8L3JkZjpsaT48L3JkZjpTZXE+PC9kYzpjcmVhdG9yPjwvcmRmOkRlc2NyaXB0aW9uPgo8cmRmOkRlc2NyaXB0aW9uIHJkZjphYm91dD0iIiAgeG1sbnM6eG1wPSJodHRwOi8vbnMuYWRvYmUuY29tL3hhcC8xLjAvIj4KPHhtcDpDcmVhdG9yVG9vbD5NaWNyb3NvZnQgV29yZDwveG1wOkNyZWF0b3JUb29sPjx4bXA6Q3JlYXRlRGF0ZT4yMDIyLTA2LTIzVDE4OjI2OjA5LTA3OjAwPC94bXA6Q3JlYXRlRGF0ZT48eG1wOk1vZGlmeURhdGU+MjAyMi0wNi0yM1QxODoyNjowOS0wNzowMDwveG1wOk1vZGlmeURhdGU+PC9yZGY6RGVzY3JpcHRpb24+CjxyZGY6RGVzY3JpcHRpb24gcmRmOmFib3V0PSIiICB4bWxuczp4bXBNTT0iaHR0cDovL25zLmFkb2JlLmNvbS94YXAvMS4wL21tLyI+Cjx4bXBNTTpEb2N1bWVudElEPnV1aWQ6RjgxQ0IwRTYtODQyNi00RjA4LUJENTQtQ0MxNzYzQjlBNERDPC94bXBNTTpEb2N1bWVudElEPjx4bXBNTTpJbnN0YW5jZUlEPnV1aWQ6RjgxQ0IwRTYtODQyNi00RjA4LUJENTQtQ0MxNzYzQjlBNERDPC94bXBNTTpJbnN0YW5jZUlEPjwvcmRmOkRlc2NyaXB0aW9uPgogICAgICAgICAgICAgICAgICAgICAgICAgICAgICAgICAgICAgICAgICAgICAgICAgICAgICAgICAgICAgICAgICAgICAgICAgICAgICAgICAgICAgICAgICAgICAgICAgICAgCiAgICAgICAgICAgICAgICAgICAgICAgICAgICAgICAgICAgICAgICAgICAgICAgICAgICAgICAgICAgICAgICAgICAgICAgICAgICAgICAgICAgICAgICAgICAgICAgICAgICAKICAgICAgICAgICAgICAgICAgICAgICAgICAgICAgICAgICAgICAgICAgICAgICAgICAgICAgICAgICAgICAgICAgICAgICAgICAgICAgICAgICAgICAgICAgICAgICAgICAgIAogICAgICAgICAgICAgICAgICAgICAgICAgICAgICAgICAgICAgICAgICAgICAgICAgICAgICAgICAgICAgICAgICAgICAgICAgICAgICAgICAgICAgICAgICAgICAgICAgICAgCiAgICAgICAgICAgICAgICAgICAgICAgICAgICAgICAgICAgICAgICAgICAgICAgICAgICAgICAgICAgICAgICAgICAgICAgICAgICAgICAgICAgICAgICAgICAgICAgICAgICAKICAgICAgICAgICAgICAgICAgICAgICAgICAgICAgICAgICAgICAgICAgICAgICAgICAgICAgICAgICAgICAgICAgICAgICAgICAgICAgICAgICAgICAgICAgICAgICAgICAgIAogICAgICAgICAgICAgICAgICAgICAgICAgICAgICAgICAgICAgICAgICAgICAgICAgICAgICAgICAgICAgICAgICAgICAgICAgICAgICAgICAgICAgICAgICAgICAgICAgICAgCiAgICAgICAgICAgICAgICAgICAgICAgICAgICAgICAgICAgICAgICAgICAgICAgICAgICAgICAgICAgICAgICAgICAgICAgICAgICAgICAgICAgICAgICAgICAgICAgICAgICAKICAgICAgICAgICAgICAgICAgICAgICAgICAgICAgICAgICAgICAgICAgICAgICAgICAgICAgICAgICAgICAgICAgICAgICAgICAgICAgICAgICAgICAgICAgICAgICAgICAgIAogICAgICAgICAgICAgICAgICAgICAgICAgICAgICAgICAgICAgICAgICAgICAgICAgICAgICAgICAgICAgICAgICAgICAgICAgICAgICAgICAgICAgICAgICAgICAgICAgICAgCiAgICAgICAgICAgICAgICAgICAgICAgICAgICAgICAgICAgICAgICAgICAgICAgICAgICAgICAgICAgICAgICAgICAgICAgICAgICAgICAgICAgICAgICAgICAgICAgICAgICAKICAgICAgICAgICAgICAgICAgICAgICAgICAgICAgICAgICAgICAgICAgICAgICAgICAgICAgICAgICAgICAgICAgICAgICAgICAgICAgICAgICAgICAgICAgICAgICAgICAgIAogICAgICAgICAgICAgICAgICAgICAgICAgICAgICAgICAgICAgICAgICAgICAgICAgICAgICAgICAgICAgICAgICAgICAgICAgICAgICAgICAgICAgICAgICAgICAgICAgICAgCiAgICAgICAgICAgICAgICAgICAgICAgICAgICAgICAgICAgICAgICAgICAgICAgICAgICAgICAgICAgICAgICAgICAgICAgICAgICAgICAgICAgICAgICAgICAgICAgICAgICAKICAgICAgICAgICAgICAgICAgICAgICAgICAgICAgICAgICAgICAgICAgICAgICAgICAgICAgICAgICAgICAgICAgICAgICAgICAgICAgICAgICAgICAgICAgICAgICAgICAgIAogICAgICAgICAgICAgICAgICAgICAgICAgICAgICAgICAgICAgICAgICAgICAgICAgICAgICAgICAgICAgICAgICAgICAgICAgICAgICAgICAgICAgICAgICAgICAgICAgICAgCiAgICAgICAgICAgICAgICAgICAgICAgICAgICAgICAgICAgICAgICAgICAgICAgICAgICAgICAgICAgICAgICAgICAgICAgICAgICAgICAgICAgICAgICAgICAgICAgICAgICAKICAgICAgICAgICAgICAgICAgICAgICAgICAgICAgICAgICAgICAgICAgICAgICAgICAgICAgICAgICAgICAgICAgICAgICAgICAgICAgICAgICAgICAgICAgICAgICAgICAgIAogICAgICAgICAgICAgICAgICAgICAgICAgICAgICAgICAgICAgICAgICAgICAgICAgICAgICAgICAgICAgICAgICAgICAgICAgICAgICAgICAgICAgICAgICAgICAgICAgICAgCiAgICAgICAgICAgICAgICAgICAgICAgICAgICAgICAgICAgICAgICAgICAgICAgICAgICAgICAgICAgICAgICAgICAgICAgICAgICAgICAgICAgICAgICAgICAgICAgICAgICAKPC9yZGY6UkRGPjwveDp4bXBtZXRhPjw/eHBhY2tldCBlbmQ9InciPz4NCmVuZHN0cmVhbQ0KZW5kb2JqDQoyMyAwIG9iag0KPDwvRGlzcGxheURvY1RpdGxlIHRydWU+Pg0KZW5kb2JqDQoyNCAwIG9iag0KPDwvVHlwZS9YUmVmL1NpemUgMjQvV1sgMSA0IDJdIC9Sb290IDEgMCBSL0luZm8gOSAwIFIvSURbPEU2QjAxQ0Y4MjY4NDA4NEZCRDU0Q0MxNzYzQjlBNERDPjxFNkIwMUNGODI2ODQwODRGQkQ1NENDMTc2M0I5QTREQz5dIC9GaWx0ZXIvRmxhdGVEZWNvZGUvTGVuZ3RoIDkxPj4NCnN0cmVhbQ0KeJxjYACC//8ZgaQgAwOIWgah7oEpxpdgijkGTLFwQKg/YIrVEEKlMTAwgbWzQChWCMUGodghFDOEgqrkAOpjg/MYIRQTUJB9G9hMjnQwVZEAplp6GBgA9hYKkg0KZW5kc3RyZWFtDQplbmRvYmoNCnhyZWYNCjAgMjUNCjAwMDAwMDAwMTAgNjU1MzUgZg0KMDAwMDAwMDAxNyAwMDAwMCBuDQowMDAwMDAwMTY2IDAwMDAwIG4NCjAwMDAwMDAyMjIgMDAwMDAgbg0KMDAwMDAwMDQ4OSAwMDAwMCBuDQowMDAwMDAwODYwIDAwMDAwIG4NCjAwMDAwMDEwMzIgMDAwMDAgbg0KMDAwMDAwMTI3NiAwMDAwMCBuDQowMDAwMDAxMzI5IDAwMDAwIG4NCjAwMDAwMDEzODIgMDAwMDAgbg0KMDAwMDAwMDAxMSA2NTUzNSBmDQowMDAwMDAwMDEyIDY1NTM1IGYNCjAwMDAwMDAwMTMgNjU1MzUgZg0KMDAwMDAwMDAxNCA2NTUzNSBmDQowMDAwMDAwMDE1IDY1NTM1IGYNCjAwMDAwMDAwMTYgNjU1MzUgZg0KMDAwMDAwMDAxNyA2NTUzNSBmDQowMDAwMDAwMDE4IDY1NTM1IGYNCjAwMDAwMDAwMTkgNjU1MzUgZg0KMDAwMDAwMDAwMCA2NTUzNSBmDQowMDAwMDAxOTc0IDAwMDAwIG4NCjAwMDAwMDIxNTEgMDAwMDAgbg0KMDAwMDAzMDgxNiAwMDAwMCBuDQowMDAwMDMzOTMyIDAwMDAwIG4NCjAwMDAwMzM5NzcgMDAwMDAgbg0KdHJhaWxlcg0KPDwvU2l6ZSAyNS9Sb290IDEgMCBSL0luZm8gOSAwIFIvSURbPEU2QjAxQ0Y4MjY4NDA4NEZCRDU0Q0MxNzYzQjlBNERDPjxFNkIwMUNGODI2ODQwODRGQkQ1NENDMTc2M0I5QTREQz5dID4+DQpzdGFydHhyZWYNCjM0MjY3DQolJUVPRg0KeHJlZg0KMCAwDQp0cmFpbGVyDQo8PC9TaXplIDI1L1Jvb3QgMSAwIFIvSW5mbyA5IDAgUi9JRFs8RTZCMDFDRjgyNjg0MDg0RkJENTRDQzE3NjNCOUE0REM+PEU2QjAxQ0Y4MjY4NDA4NEZCRDU0Q0MxNzYzQjlBNERDPl0gL1ByZXYgMzQyNjcvWFJlZlN0bSAzMzk3Nz4+DQpzdGFydHhyZWYNCjM0OTIzDQolJUVPRg==','2022-06-24 01:47:35','2022-06-24 01:50:31','','2022-06-24 00:00:00','2022-06-30 00:00:00','23:48:00','22:53:00'),('bi3jgu6o','1-b3m3ptdm','1-j36d8886','Rua Antonieta N. 321, Bairro Antonieta, Antonieta - 1233545','100','Monge, necessito que você medite em cima do meu cano!',NULL,NULL,NULL,NULL,0,'Pendente',NULL,'2022-06-23 22:49:02','2022-06-23 22:49:02',NULL,NULL,NULL,NULL,NULL),('cc5w8f1u','1-htvbk2aj','2-8mtnnpka','[object Promise]','500','socorro preciso de ajuda',NULL,NULL,NULL,NULL,0,'Pendente',NULL,'2022-06-13 22:01:43','2022-06-13 22:01:43',NULL,NULL,NULL,NULL,NULL),('cuurkpzt','1-htvbk2aj','1-j36ye65s','Rua Antonieta N. 123, Bairro Antonieta, Antonieta - 1234567','100','Estrondo estrondo estrondo estrondo estrondo estrondo estrondo',NULL,NULL,NULL,NULL,0,'Pendente',NULL,'2022-06-23 23:49:44','2022-06-23 23:49:44',NULL,NULL,NULL,NULL,NULL),('ezct3e7w','1-htvbk2aj','2-8mtnnpka','[object Promise]','500','Comprei uma casa e ela esta pegando fogo.',NULL,NULL,NULL,NULL,0,'Pendente',NULL,'2022-06-13 21:57:11','2022-06-13 21:57:11',NULL,NULL,NULL,NULL,NULL),('f7wlx866','1-htvbk2aj','3-8mjf9yg','Rua Antonieta N. 12, Bairro Antonieta, Antonieta - 12345','872','Quero comprar acarajés pois meu fogão estragou minha geladeira nao gela socorro jak?????',5000,'2022-06-24 13:18:00',NULL,NULL,4,'Concluído',NULL,'2022-06-23 23:21:33','2022-06-23 23:33:50','','2022-06-23 00:00:00','2022-06-30 00:00:00','00:31:00','04:33:00'),('h2r8hnt5','1-htvbk2aj','2-8mtnnpka','','500','macacos me mordam',NULL,NULL,NULL,NULL,0,'Pendente',NULL,'2022-06-13 22:05:31','2022-06-13 22:05:31',NULL,NULL,NULL,NULL,NULL),('h5u6r6bk','1-htvbk2aj','2-kjalu10m','Rua Antonieta N. 34, Bairro Antonieta, Antonieta - 12465476','555','POR FAVOR MAGNUS MAGOLA MEUS DENTES ESTAO CAINDO NAO PARO DE BABAR MAGNUS MAGOLA???',7000,'2022-06-24 20:55:00',NULL,NULL,4,'Concluído',NULL,'2022-06-23 23:53:48','2022-06-23 23:56:41','','2022-06-23 00:00:00','2022-06-30 00:00:00','20:54:00','02:00:00'),('i02zke03','1-9ivax9sn','2-8mtnnstu','Teste N. 3447, Teste, Teste - 23875893','700','Minhas paredes precisam de pintura',NULL,NULL,NULL,NULL,0,'Pendente',NULL,'2022-06-24 01:36:01','2022-06-24 01:36:01',NULL,NULL,NULL,NULL,NULL),('jzp86f2c','1-htvbk2aj','2-8mtnnpka','','500','QUEBREI MEU PÉ E SEI LA',NULL,NULL,NULL,NULL,0,'Pendente',NULL,'2022-06-13 22:06:44','2022-06-13 22:06:44',NULL,NULL,NULL,NULL,NULL),('ktn7hsom','1-htvbk2aj','2-8mtnnpka','','500','COUVE FLOR É BRANCA',NULL,NULL,NULL,NULL,0,'Pendente',NULL,'2022-06-13 22:09:06','2022-06-13 22:09:06',NULL,NULL,NULL,NULL,NULL);
/*!40000 ALTER TABLE `agendamentos` ENABLE KEYS */;
UNLOCK TABLES;

--
-- Table structure for table `avaliacaos`
--

DROP TABLE IF EXISTS `avaliacaos`;
/*!40101 SET @saved_cs_client     = @@character_set_client */;
/*!50503 SET character_set_client = utf8mb4 */;
CREATE TABLE `avaliacaos` (
  `id` int NOT NULL AUTO_INCREMENT,
  `cod_avaliado` varchar(255) NOT NULL,
  `nota` float DEFAULT NULL,
  `comentario` text,
  `created_at` datetime NOT NULL,
  `updated_at` datetime NOT NULL,
  `cod_avaliador` varchar(255) NOT NULL,
  `cod_agendamento` varchar(255) NOT NULL,
  PRIMARY KEY (`id`)
) ENGINE=InnoDB AUTO_INCREMENT=28 DEFAULT CHARSET=utf8mb4 COLLATE=utf8mb4_0900_ai_ci;
/*!40101 SET character_set_client = @saved_cs_client */;

--
-- Dumping data for table `avaliacaos`
--

LOCK TABLES `avaliacaos` WRITE;
/*!40000 ALTER TABLE `avaliacaos` DISABLE KEYS */;
INSERT INTO `avaliacaos` VALUES (1,'2-1iskd06o',4.3,'Muito bom','2022-06-06 00:00:00','2022-06-21 00:00:00','1-j36dvenx',''),(2,'2-1iskd06o',3.7,'Muito bom','2022-06-09 00:00:00','2022-06-21 00:00:00','1-j36dvenx',''),(3,'2-1iskd06o',1.2,'Muito bom','2022-06-11 00:00:00','2022-06-21 00:00:00','1-j36dvenx',''),(4,'2-1iskd06o',5,'Muito bom','2022-06-29 00:00:00','2022-06-21 00:00:00','1-j36dvenx',''),(5,'2-1iskd06o',2.9,'Mediano','2022-06-19 00:00:00','2022-06-21 00:00:00','1-j36dvenx',''),(6,'1-j36dvenx',4.7,'Muito bom','2022-06-11 00:00:00','2022-06-21 00:00:00','2-1iskd06o',''),(7,'1-j36dvenx',2.8,'Mediano','2022-06-04 00:00:00','2022-06-21 00:00:00','2-1iskd06o',''),(8,'1-j36dvenx',5,'Muito bom','2022-06-10 00:00:00','2022-06-21 00:00:00','2-1iskd06o',''),(9,'1-j36dvenx',2.8,'Muito ruim','2022-06-12 00:00:00','2022-06-21 00:00:00','2-1iskd06o',''),(10,'1-j36dvenx',4.1,'Bom','2022-06-15 00:00:00','2022-06-21 00:00:00','2-1iskd06o',''),(11,'1-j36dvenx',2,'Péssimo','2022-06-16 00:00:00','2022-06-21 00:00:00','2-1iskd06o',''),(12,'1-j36dvenx',4.9,'Muito bom','2022-06-20 00:00:00','2022-06-21 00:00:00','2-1iskd06o',''),(13,'1-j36dvenx',2,'Ruim','2022-06-14 00:00:00','2022-06-21 00:00:00','2-1iskd06o',''),(14,'1-j36dvenx',4,'Ok','2022-06-16 00:00:00','2022-06-21 00:00:00','2-1iskd06o',''),(15,'1-j36dvenx',2,'Péssimo','2022-06-22 00:00:00','2022-06-21 00:00:00','2-1iskd06o',''),(16,'2-1iskd06o',3.7,'Muito bom','2022-06-09 00:00:00','2022-06-12 00:00:00','1-7rw06ox1',''),(17,'2-1iskd06o',1.2,'Muito bom','2022-06-11 00:00:00','2022-06-30 00:00:00','1-7rw06ox1',''),(18,'2-1iskd06o',1.2,'Muito bom','2022-06-30 00:00:00','2022-06-12 00:00:00','1-7rw06ox1',''),(19,'2-8mtnnpka',2,'Ruim','2022-06-14 00:00:00','2022-06-18 00:00:00','1-htvbk2aj','127'),(20,'2-8mtnnpka',4,'Ok','2022-06-16 00:00:00','2022-06-12 00:00:00','1-htvbk2aj','124'),(21,'2-8mtnnpka',2,'Péssimo','2022-06-22 00:00:00','2022-06-20 00:00:00','1-htvbk2aj','123'),(22,'1-htvbk2aj',4,'Bacana, entretanto...','2022-06-22 00:00:00','2022-06-20 00:00:00','2-8mtnnpka','ktn7hsom'),(23,'1-htvbk2aj',3,NULL,'2022-06-23 23:34:03','2022-06-23 23:34:03','3-8mjf9yg','f7wlx866'),(24,'1-htvbk2aj',1,'FOI BOM!','2022-06-23 23:56:52','2022-06-23 23:56:52','2-kjalu10m','h5u6r6bk'),(25,'2-kjalu10m',5,'GOSTEI NÃO!','2022-06-23 23:57:31','2022-06-23 23:57:31','1-htvbk2aj','h5u6r6bk'),(26,'1-j6a8zga5',5,'Foi um bom cliente!\r\n','2022-06-24 01:50:45','2022-06-24 01:50:45','2-biwyjmcu','5x971e0b'),(27,'2-biwyjmcu',3,'Nao pintou de rosa, pintou de verde','2022-06-24 01:51:13','2022-06-24 01:51:13','1-j6a8zga5','5x971e0b');
/*!40000 ALTER TABLE `avaliacaos` ENABLE KEYS */;
UNLOCK TABLES;

--
-- Table structure for table `enderecos`
--

DROP TABLE IF EXISTS `enderecos`;
/*!40101 SET @saved_cs_client     = @@character_set_client */;
/*!50503 SET character_set_client = utf8mb4 */;
CREATE TABLE `enderecos` (
  `cod_endereco` varchar(255) NOT NULL,
  `cod_user` varchar(255) NOT NULL,
  `cep` int DEFAULT NULL,
  `numero` int DEFAULT NULL,
  `rua` varchar(255) NOT NULL,
  `bairro` varchar(255) NOT NULL,
  `cidade` varchar(255) NOT NULL,
  `estado` varchar(2) DEFAULT NULL,
  `created_at` datetime NOT NULL,
  `updated_at` datetime NOT NULL,
  PRIMARY KEY (`cod_endereco`)
) ENGINE=InnoDB DEFAULT CHARSET=utf8mb4 COLLATE=utf8mb4_0900_ai_ci;
/*!40101 SET character_set_client = @saved_cs_client */;

--
-- Dumping data for table `enderecos`
--

LOCK TABLES `enderecos` WRITE;
/*!40000 ALTER TABLE `enderecos` DISABLE KEYS */;
INSERT INTO `enderecos` VALUES ('1-1nkiqyoy','1-b3m3ptdm',1234356,32,'Rua Antonieta','Bairro Antonieta','Antonieta','SP','2022-06-23 22:48:12','2022-06-23 22:48:12'),('1-ceqrmorp','1-9ivax9sn',1234556,75,'teste','teste','teste','MT','2022-06-24 01:34:50','2022-06-24 01:34:50'),('1-ci05jlsh','1-fcgrmh7t',13542563,12,'Rua Antonieta','Bairro Antonieta','Antonieta','BA','2022-06-23 22:36:01','2022-06-23 22:36:01'),('1-fi77gfj8','1-htvbk2aj',123456890,12,'Rua Antonieta','Bairro Antonieta','Antonieta','RN','2022-06-11 20:29:00','2022-06-11 20:29:00'),('1-gqg1wa0a','1-j6a8zga5',5474,53,'teste','teste','teste','PI','2022-06-24 01:46:32','2022-06-24 01:46:32'),('2-6b6kn8iy','2-kjalu10m',3775689,44,'Rua Antonieta','Bairro Antonieta','Antonieta','AM','2022-06-23 23:52:58','2022-06-23 23:52:58'),('2-bpw12ezj','2-biwyjmcu',46346346,32,'teste','teste','teste','PI','2022-06-24 01:39:12','2022-06-24 01:39:12'),('3-3921v3ul','3-8mjf9yg',3542365,324,'Rua Antonieta','Bairro Antonieta','Antonieta','CE','2022-06-23 23:20:11','2022-06-23 23:20:11');
/*!40000 ALTER TABLE `enderecos` ENABLE KEYS */;
UNLOCK TABLES;

--
-- Table structure for table `servicos`
--

DROP TABLE IF EXISTS `servicos`;
/*!40101 SET @saved_cs_client     = @@character_set_client */;
/*!50503 SET character_set_client = utf8mb4 */;
CREATE TABLE `servicos` (
  `cod_tipo` int NOT NULL,
  `nome` varchar(255) NOT NULL,
  `descricao` text NOT NULL,
  `created_at` datetime NOT NULL,
  `updated_at` datetime NOT NULL,
  PRIMARY KEY (`cod_tipo`)
) ENGINE=InnoDB DEFAULT CHARSET=utf8mb4 COLLATE=utf8mb4_0900_ai_ci;
/*!40101 SET character_set_client = @saved_cs_client */;

--
-- Dumping data for table `servicos`
--

LOCK TABLES `servicos` WRITE;
/*!40000 ALTER TABLE `servicos` DISABLE KEYS */;
INSERT INTO `servicos` VALUES (100,'Encanador','Encanta canos','2022-06-22 00:00:00','2022-06-21 00:00:00'),(500,'Ferreiro','Ferra Pessoas','2022-06-22 00:00:00','2022-06-21 00:00:00'),(555,'Dentista','Põe dentes','2022-06-22 00:00:00','2022-06-21 00:00:00'),(600,'Mecânico','Conserta veiculos','2022-06-22 00:00:00','2022-06-21 00:00:00'),(700,'Pintor','Pinta','2022-06-22 00:00:00','2022-06-21 00:00:00'),(800,'Eletricista','Corta eletricidade','2022-06-22 00:00:00','2022-06-21 00:00:00'),(872,'Marcenaria','Corta madeira','2022-06-22 00:00:00','2022-06-21 00:00:00'),(900,'Chapeiro','Faz chapas','2022-06-22 00:00:00','2022-06-21 00:00:00');
/*!40000 ALTER TABLE `servicos` ENABLE KEYS */;
UNLOCK TABLES;

--
-- Table structure for table `telefones`
--

DROP TABLE IF EXISTS `telefones`;
/*!40101 SET @saved_cs_client     = @@character_set_client */;
/*!50503 SET character_set_client = utf8mb4 */;
CREATE TABLE `telefones` (
  `numero` int NOT NULL,
  `cod_user` varchar(255) NOT NULL,
  `created_at` datetime NOT NULL,
  `updated_at` datetime NOT NULL,
  PRIMARY KEY (`numero`)
) ENGINE=InnoDB DEFAULT CHARSET=utf8mb4 COLLATE=utf8mb4_0900_ai_ci;
/*!40101 SET character_set_client = @saved_cs_client */;

--
-- Dumping data for table `telefones`
--

LOCK TABLES `telefones` WRITE;
/*!40000 ALTER TABLE `telefones` DISABLE KEYS */;
INSERT INTO `telefones` VALUES (3534657,'2-biwyjmcu','2022-06-24 01:39:12','2022-06-24 01:39:12'),(4353467,'2-kjalu10m','2022-06-23 23:52:58','2022-06-23 23:52:58'),(12345677,'3-8mjf9yg','2022-06-23 23:20:11','2022-06-23 23:20:11'),(12345678,'1-b3m3ptdm','2022-06-23 22:48:12','2022-06-23 22:48:12'),(12423546,'1-9ivax9sn','2022-06-24 01:34:50','2022-06-24 01:34:50'),(63456745,'1-j6a8zga5','2022-06-24 01:46:32','2022-06-24 01:46:32'),(123456789,'1-htvbk2aj','2022-06-11 20:29:00','2022-06-11 20:29:00'),(743683278,'1-fcgrmh7t','2022-06-23 22:36:01','2022-06-23 22:36:01'),(999999999,'1-83ax1q1m','2022-06-23 22:28:41','2022-06-23 22:28:41');
/*!40000 ALTER TABLE `telefones` ENABLE KEYS */;
UNLOCK TABLES;

--
-- Table structure for table `tipo_servico`
--

DROP TABLE IF EXISTS `tipo_servico`;
/*!40101 SET @saved_cs_client     = @@character_set_client */;
/*!50503 SET character_set_client = utf8mb4 */;
CREATE TABLE `tipo_servico` (
  `COD_TIPO` int NOT NULL,
  `NOME` varchar(50) NOT NULL,
  `DESCRICAO` text,
  PRIMARY KEY (`COD_TIPO`),
  UNIQUE KEY `COD_TIPO` (`COD_TIPO`)
) ENGINE=InnoDB DEFAULT CHARSET=utf8mb4 COLLATE=utf8mb4_0900_ai_ci;
/*!40101 SET character_set_client = @saved_cs_client */;

--
-- Dumping data for table `tipo_servico`
--

LOCK TABLES `tipo_servico` WRITE;
/*!40000 ALTER TABLE `tipo_servico` DISABLE KEYS */;
INSERT INTO `tipo_servico` VALUES (100,'Marcenaria','Corta arvore'),(150,'Ferreiro','Corta ferro'),(500,'Lavador','Lava tudo'),(872,'Eletricista','Corta cabo'),(987,'ENCANAMENTO','Arrumamos cano');
/*!40000 ALTER TABLE `tipo_servico` ENABLE KEYS */;
UNLOCK TABLES;

--
-- Table structure for table `usuarios`
--

DROP TABLE IF EXISTS `usuarios`;
/*!40101 SET @saved_cs_client     = @@character_set_client */;
/*!50503 SET character_set_client = utf8mb4 */;
CREATE TABLE `usuarios` (
  `cod_user` varchar(255) NOT NULL,
  `regiao_atuacao` varchar(255) DEFAULT NULL,
  `email` varchar(255) NOT NULL,
  `senha` varchar(255) NOT NULL,
  `nome` varchar(255) NOT NULL,
  `cpf` varchar(255) DEFAULT NULL,
  `cnpj` varchar(255) DEFAULT NULL,
  `data_nasc` datetime DEFAULT NULL,
  `foto_perfil` blob,
  `cod_endereco` varchar(255) DEFAULT NULL,
  `cod_tipo` varchar(255) DEFAULT NULL,
  `created_at` datetime NOT NULL,
  `updated_at` datetime NOT NULL,
  PRIMARY KEY (`cod_user`)
) ENGINE=InnoDB DEFAULT CHARSET=utf8mb4 COLLATE=utf8mb4_0900_ai_ci;
/*!40101 SET character_set_client = @saved_cs_client */;

--
-- Dumping data for table `usuarios`
--

LOCK TABLES `usuarios` WRITE;
/*!40000 ALTER TABLE `usuarios` DISABLE KEYS */;
INSERT INTO `usuarios` VALUES ('1-7rw06ox1','Sabara','maluco@gmail.com','123maluco','Maluco','189.374.050-90',NULL,'1990-07-29 00:00:00',NULL,NULL,'150','2022-03-01 00:00:00','2022-05-12 00:00:00'),('1-83ax1q1m',NULL,'joyce@cris.com','123456789','Joyce Cris Makeup','99999999',NULL,'2004-09-15 00:00:00',NULL,NULL,NULL,'2022-06-23 22:28:41','2022-06-23 22:28:41'),('1-9ivax9sn',NULL,'teste@gmail.com','123456789','Teste Teste','24635747',NULL,'2004-12-02 00:00:00',NULL,NULL,NULL,'2022-06-24 01:34:50','2022-06-24 01:34:50'),('1-b3m3ptdm',NULL,'alessandro@arqSurvaivol','123456789','Alessandro Mendonça Silveira','14325436',NULL,'2003-03-12 00:00:00',NULL,NULL,NULL,'2022-06-23 22:48:12','2022-06-23 22:48:12'),('1-cd8782cv',NULL,'maniaco@sangue.com','123456789','Maniaco por Capelinha','099999999',NULL,'2004-04-04 00:00:00',NULL,NULL,NULL,'2022-06-23 22:32:51','2022-06-23 22:32:51'),('1-e4twnuft',NULL,'douglas@capelinha.com','123456789','Douglas Capelas','99999999999',NULL,'2000-11-10 00:00:00',NULL,NULL,NULL,'2022-06-23 22:26:13','2022-06-23 22:26:13'),('1-e51btmb8',NULL,'roberto@roberto','123456789','Roberto Cu Aberto','476373577',NULL,'1951-12-12 00:00:00',NULL,NULL,NULL,'2022-06-23 22:34:39','2022-06-23 22:34:39'),('1-fcgrmh7t',NULL,'norton@norte','123456789','Norton do Norte','21354366',NULL,'2001-11-23 00:00:00',NULL,NULL,NULL,'2022-06-23 22:36:01','2022-06-23 22:36:01'),('1-gruizp6r','doidao@gmail.com','Contagem','123doidao','Doidao','189.374.050-06',NULL,'1994-10-21 00:00:00',NULL,NULL,'872','2022-04-07 00:00:00','2022-05-12 00:00:00'),('1-htvbk2aj',NULL,'antonieta@gmail.com','123456789','Antonieta de Antonia','19087645323',NULL,'2000-12-12 00:00:00',NULL,'1-fi77gfj8',NULL,'2022-06-11 20:29:00','2022-06-11 20:29:00'),('1-j36d8886','Manaus','monge@gmail.com','123456789','Monge','189.374.050-43',NULL,'2000-09-20 00:00:00',NULL,NULL,'100','2022-05-12 00:00:00','2022-05-12 00:00:00'),('1-j36dvenx','Bahia','milton@gmail.com','123milton','Milton','189.374.050-31',NULL,'2000-09-20 00:00:00',NULL,NULL,'100','2022-05-12 00:00:00','2022-05-12 00:00:00'),('1-j36ye65s','Ribeirinho','estrondo@gmail.com','123456789','Estrondo','189.374.050-87',NULL,'2000-09-20 00:00:00',NULL,NULL,'100','2022-05-12 00:00:00','2022-05-12 00:00:00'),('1-j6a8zga5',NULL,'fabricio@gmail.com','123456789','Fabricio Fabundes','54745745',NULL,'2004-12-09 00:00:00',NULL,NULL,NULL,'2022-06-24 01:46:32','2022-06-24 01:46:32'),('2-8mtnnabc','mel@gmail.com','Salvador','123456789','Mel','189.3634534',NULL,'1999-09-27 00:00:00',NULL,NULL,'600','0202-05-12 00:00:00','2022-05-12 00:00:00'),('2-8mtnndef','xavier@gmail.com','Salvador','123456789','Xavier','18976456',NULL,'1999-09-27 00:00:00',NULL,NULL,'600','0202-05-12 00:00:00','2022-05-12 00:00:00'),('2-8mtnnghi','barso@gmail.com','Salvador','123456789','Barso','1896846',NULL,'1999-09-27 00:00:00',NULL,NULL,'800','0202-05-12 00:00:00','2022-05-12 00:00:00'),('2-8mtnnjkl','pepe@gmail.com','Salvador','123456789','Pepe','18937134',NULL,'1999-09-27 00:00:00',NULL,NULL,'800','0202-05-12 00:00:00','2022-05-12 00:00:00'),('2-8mtnnmno','lulu@gmail.com','Salvador','123456789','Lulu','1899078',NULL,'1999-09-27 00:00:00',NULL,NULL,'900','0202-05-12 00:00:00','2022-05-12 00:00:00'),('2-8mtnnpka','louco@gmail.com','Salvador','123louco','Louco','189.374.050-12',NULL,'1999-09-27 00:00:00',NULL,NULL,'500','0202-05-12 00:00:00','2022-05-12 00:00:00'),('2-8mtnnpqr','constancia@gmail.com','Salvador','123456789','Constancia','189846',NULL,'1999-09-27 00:00:00',NULL,NULL,'900','0202-05-12 00:00:00','2022-05-12 00:00:00'),('2-8mtnnstu','juca@gmail.com','Salvador','123456789','Juca','18967',NULL,'1999-09-27 00:00:00',NULL,NULL,'700','0202-05-12 00:00:00','2022-05-12 00:00:00'),('2-8mtnnvwx','marcio@gmail.com','Salvador','123456789','Marcio','8642',NULL,'1999-09-27 00:00:00',NULL,NULL,'700','0202-05-12 00:00:00','2022-05-12 00:00:00'),('2-biwyjmcu','100','januario@gmail.com','123456789','Januario de Janeiro','44367357',NULL,'2004-12-11 00:00:00',NULL,NULL,'700','2022-06-24 01:39:12','2022-06-24 01:39:12'),('2-grsen14c','100','doris@dora','123456789','Doris Dora','13465478',NULL,'2004-12-01 00:00:00',NULL,NULL,'555','2022-06-23 23:51:46','2022-06-23 23:51:46'),('2-kjalu10m','100','magnus@magola','123456789','Magola Magnus Dentes','1244657',NULL,'2004-12-04 00:00:00',NULL,NULL,'555','2022-06-23 23:52:58','2022-06-23 23:52:58'),('3-8mjf9yg','90','jak@enterprise','123456789','Jak o melhor acarajé',NULL,'1233545',NULL,NULL,NULL,'872','2022-06-23 23:20:11','2022-06-23 23:20:11');
/*!40000 ALTER TABLE `usuarios` ENABLE KEYS */;
UNLOCK TABLES;
/*!40103 SET TIME_ZONE=@OLD_TIME_ZONE */;

/*!40101 SET SQL_MODE=@OLD_SQL_MODE */;
/*!40014 SET FOREIGN_KEY_CHECKS=@OLD_FOREIGN_KEY_CHECKS */;
/*!40014 SET UNIQUE_CHECKS=@OLD_UNIQUE_CHECKS */;
/*!40101 SET CHARACTER_SET_CLIENT=@OLD_CHARACTER_SET_CLIENT */;
/*!40101 SET CHARACTER_SET_RESULTS=@OLD_CHARACTER_SET_RESULTS */;
/*!40101 SET COLLATION_CONNECTION=@OLD_COLLATION_CONNECTION */;
/*!40111 SET SQL_NOTES=@OLD_SQL_NOTES */;

-- Dump completed on 2022-06-24  2:26:13
